partner_id,partner_name,gmv,gv,orders,units,n_skus,instock,cancelled_gmv,returns_gmv,n_brands,business_model,cvr,cancel_rate,return_rate,share,cum_share
9404,noon,336248.77,101794,8391,10653,1971,96.89366514711837,8638.039999999999,9669.74,132,Retail,0.08243118454918757,2.5689432261715033,2.8757696273506066,21.685967786046138,21.685967786046138
38501,Duniso,169484.16,59575,2755,3192,1317,98.10732270238475,3444.22,8246.92,2,FBN,0.04624422996223248,2.0321781103319623,4.865894252300628,10.930680977673433,32.61664876371957
311156,MOMENT,28677.32,11370,1358,1482,33,86.68040897098743,452.46,541.76,1,FBN,0.11943711521547933,1.5777624966349713,1.8891584011337181,1.8495099259698007,34.466158689689365
38473,Forever18,28497.97,12921,804,947,1081,98.24800711982141,877.1,1570.2,86,FBN,0.062224286045971675,3.077763082773966,5.509866141342699,1.8379429592789562,36.30410164896832
281979,longx,26998.07,7885,258,263,15,91.6019340519997,893.38,2408.99,1,FBN,0.03272035510462904,3.3090513507076618,8.92282300179235,1.7412086780433977,38.04531032701172
26941,Wish store,26163.57,9986,625,691,508,97.67612157014925,887.58,1274.4,55,FBN,0.06258762267174044,3.392426950909223,4.8708949122768805,1.6873885849098067,39.732698911921524
55566,MahMir,22796.879999999997,5489,373,398,51,99.99999999999999,144.85000000000002,958.5000000000001,1,FBN,0.06795408999817817,0.6353939661918651,4.2045227241622545,1.470257884667829,41.202956796589355
372146,Official Factory Bag Store​,20826.989999999998,4741,201,204,22,93.38747099765146,1403.62,1969.9,1,FBN,0.04239611896224425,6.739428021043848,9.458399893599605,1.3432121527769603,42.54616894936632
18198,ladyhill,19839.54,11584,312,345,385,94.73465555939875,542.7,663.7099999999999,6,FBN,0.026933701657458564,2.7354464871665374,3.3453900644873817,1.2795277298113945,43.82569667917771
319670,qzroctc,18614.559999999998,5219,123,138,9,99.99999999999999,133.62,499.25,1,FBN,0.023567733282237976,0.7178251863057736,2.682040295338703,1.2005240896834297,45.02622076886114
685,DubaiGallery,18507.67,4584,147,176,2166,98.81517233814952,789.06,928.6400000000001,100,DSE,0.03206806282722513,4.263421597640329,5.017595407741764,1.1936303452196195,46.219851114080754
272432,omniflow general trading,18176.32,4472,201,220,19,98.75754695881815,380.14,407.99,1,FBN,0.044946332737030414,2.0914024400978852,2.244623774229327,1.1722603178261917,47.39211143190695
38899,wordcood,15539.900000000001,5645,303,333,44,95.75398582811171,777.53,445.71999999999997,1,FBN,0.053675819309123116,5.00344275059685,2.86822952528652,1.0022275198162907,48.394338951723235
220440,"Fanxing International Trade Co., Ltd.",15491.0,11106,227,240,21,99.42429767691645,203.89999999999998,246.9,1,FBN,0.02043940212497749,1.3162481440836613,1.5938286747143502,0.9990737719981568,49.39341272372139
33987,Haidu Trading (FZE),14789.909999999998,7550,288,304,30,98.52649006619508,57.8,392.17999999999995,2,FBN,0.03814569536423841,0.3908069758369051,2.6516726606179484,0.9538577994456947,50.34727052316708
133904,"Zhongshan Kaixinsheng Trading Co., Ltd.",14522.87,3908,246,269,7,99.3890736949795,305.75,114.9,1,FBN,0.06294779938587512,2.1053001231850175,0.7911659334553018,0.9366353696429457,51.283905892810026
249124,quanzhoushi canyang guangdian keji youxian gongsi,13754.7,2177,58,64,48,97.41329811666161,229.0,0.0,1,FBN,0.0266421681212678,1.6648854573345837,0.0,0.8870931516172647,52.17099904442729
14890,Happy.Shopping,13502.57,8889,302,324,32,99.87906401168442,329.4,559.34,2,FBN,0.03397457531780853,2.4395355847072078,4.142470655586307,0.8708323246768543,53.041831369104145
12047,"Cassida Middle East  ""Official distributor of Beola""",13041.21,4973,135,139,87,93.04117232960407,270.2,323.6,1,FBN,0.0271465915946109,2.0718936356365703,2.4813648426794757,0.8410774556916972,53.88290882479584
295300,chengdufuqiekejiyouxiangongsi,12926.66,2007,195,212,5,100.0,245.99,282.0,1,FBN,0.09715994020926756,1.9029664275226548,2.181537999761733,0.8336896885635332,54.71659851335937
12160,DOREEN,11580.99,4395,173,193,83,97.06058020468859,189.41,697.08,2,FBN,0.039362912400455065,1.6355251148649639,6.019174526530116,0.7469022892500764,55.463500802609445
39611,UNUNS-OFFICIAL,11404.03,4457,179,216,285,98.6173435041015,157.39000000000001,208.11,1,FBN,0.040161543639219206,1.3801261483878944,1.8248812042760323,0.7354894627900163,56.19899026539946
13431,AFTRON Trading Div,11358.25,4130,166,181,188,95.58565375293296,365.87,407.48,7,FBN,0.04019370460048426,3.221182840666476,3.5875244866066516,0.732536935691567,56.93152720109103
218377,Junfa Jiang,11230.32,3002,178,186,50,100.00000000000004,239.96,249.95999999999998,2,FBN,0.059293804130579615,2.136715605610526,2.2257602632872437,0.7242862412462939,57.655813442337326
259619,Digital Infinites FZE,10963.389999999998,1320,138,146,3,100.0,309.97,124.99,1,FBN,0.10454545454545454,2.8273189223406274,1.1400670777925443,0.70707090576379,58.36288434810112
12901,WA Mall,10755.169999999998,3439,140,169,66,97.42476010461637,372.94,1146.1699999999998,1,FBN,0.040709508578075024,3.467541656710215,10.656921276000286,0.693642002477659,59.05652635057878
18380,Red Dot Gift,10029.129999999997,1898,266,461,431,94.00026343553354,765.84,193.58999999999997,5,FBN,0.14014752370916755,7.636155877927599,1.9302771027995453,0.6468169091059242,59.7033432596847
99774,shenzhenshijiandaojigongyinglianyouxiangongsi,9855.17,3151,121,133,32,91.39360520470403,802.0,248.5,1,FBN,0.03840050777530943,8.137860635585179,2.5215191620235875,0.6355975641070993,60.3389408237918
174078,CHENHAN,8976.61,5346,119,126,27,98.23466142909184,133.44,154.73000000000002,4,FBN,0.02225963337074448,1.48652999294834,1.7237019320211082,0.5789358732461671,60.91787669703797
142715,MIhouse,8647.720000000001,10473,110,126,32,93.917693115646,69.0,187.0,1,FBN,0.010503198701422706,0.7978981743164671,2.162419689814193,0.5577245006509522,61.475601197688924
80537,Fuzhou Sanshi Maoyi  Youxian Gongsi,8418.220000000001,5130,94,103,54,99.49074074070363,303.76,183.76,1,FBN,0.018323586744639377,3.6083637633609,2.1828842676955458,0.5429231688664595,62.01852436655538
297027,Shanghai Nuankong Wenhua Chuanbo Youxian Gongsi,8357.4,662,123,141,5,100.00000000000003,58.0,119.98,1,FBN,0.18580060422960726,0.6939957403020078,1.4356139469212914,0.5390006547090178,62.557525021264404
82864,YIYICHEN,8126.839999999999,3696,102,109,38,99.26948051939483,49.99,220.95,3,FBN,0.027597402597402596,0.6151222369334207,2.7187689187925446,0.5241309594748886,63.08165598073929
133449,guangzhouqiaochengdianzishangwuyouxiangongsi,7538.219999999999,3501,109,120,21,99.74114538700044,42.9,129.39,1,FBN,0.031133961725221364,0.5690998670773737,1.7164529557375612,0.4861686069041343,63.56782458764343
55436,URbazaar,7439.279999999999,1310,132,190,7,98.79770992364286,0.0,279.31,1,FBN,0.10076335877862595,0.0,3.754530008280372,0.47978758831259744,64.04761217595603
441492,"Guangzhou Dongshu Trading Co., Ltd",7415.74,1976,74,81,16,88.78732287456697,0.0,441.97,3,FBN,0.03744939271255061,0.0,5.959890718930276,0.4782694037801053,64.52588157973614
450468,foshanyichengongmaoyouxiangongsi,7044.540000000002,5302,71,81,20,96.57558468502083,0.0,209.8,2,FBN,0.013391173142210487,0.0,2.97819304028368,0.4543292976432701,64.9802108773794
137,Tavola,6926.84,1475,37,41,151,98.02966101430242,209.0,0.0,24,DSE,0.025084745762711864,3.0172488465158716,0.0,0.446738374980809,65.42694925236022
10500,gooddealUAE,6802.9,1917,93,110,142,98.9762649969568,0.0,294.27,12,DSE,0.048513302034428794,0.0,4.3256552352673125,0.4387450108789788,65.86569426323919
307642,Noor Living,6486.910000000001,1819,42,43,5,96.06239692139023,628.0799999999999,142.8,1,FBN,0.02308960967564596,9.682267828596355,2.2013562697802187,0.41836560856707533,66.28405987180626
44744,MARCOLO,6417.4400000000005,2394,116,179,54,98.7573099412351,24.0,35.0,1,DSE,0.04845446950710108,0.3739809020419357,0.5453888154778229,0.4138852228630722,66.69794509466934
133252,quan zhou hui lin shang mao you xian gong si,6216.82,1914,25,29,30,93.54427899691927,0.0,0.0,1,FBN,0.013061650992685475,0.0,0.0,0.4009464726120703,67.09889156728141
420582,SOTEN,5557.11,3487,70,82,14,99.59133926008995,68.42,79.9,2,FBN,0.02007456266131345,1.231215505901449,1.4377977042023644,0.3583992543482459,67.45729082162966
373799,Beautiful jewelry,5470.45,1199,37,38,12,68.99499582974089,396.01,556.36,1,FBN,0.030859049207673062,7.239075395991189,10.170278496284583,0.35281021987136507,67.81010104150101
308753,YunStore,5306.42,536,108,137,2,100.0,229.4,39.9,1,FBN,0.20149253731343283,4.323065268109196,0.751919373136691,0.3422312985092285,68.15233234001025
135588,Shenzhenshi Beisixiaole Maoyiyouxiangongsi,5111.27,2164,54,59,50,100.00000000000007,0.0,191.61,2,FBN,0.024953789279112754,0.0,3.7487747663496545,0.3296453294558788,68.48197766946613
60625,Whale-Wish,5109.889999999999,2277,92,98,14,75.51054018450706,193.17,66.51,1,FBN,0.04040404040404041,3.780316210329381,1.3015935763783566,0.3295563279837106,68.81153399744984
15685,Coco-shop,4974.49,3181,243,252,6,100.0,79.6,398.00000000000006,1,FBN,0.07639107198994027,1.6001640369163472,8.000820184581737,0.320823864699962,69.1323578621498
443869,B23,4691.7,1337,44,44,11,92.64210919951829,200.6,295.2,1,FBN,0.032909498878085267,4.275635697082081,6.291962401688088,0.30258565722572794,69.43494351937554
49602,SANDFULL,4519.639999999999,820,84,85,27,99.93140243895883,0.0,98.30000000000001,1,FBN,0.1024390243902439,0.0,2.1749519873264247,0.2914888504856852,69.72643236986123
17229,Hapre,4340.62,2613,75,79,119,99.5933792575498,91.95,198.54000000000002,2,FBN,0.02870264064293915,2.118360971474121,4.57400094917316,0.27994316675557673,70.0063755366168
36624,Day To Day Hypermarket,4224.650000000001,2849,137,225,60,96.73350298346254,171.29999999999998,169.75,17,DSE,0.048087048087048084,4.054773768241155,4.018084338347555,0.2724638184024281,70.27883935501923
44832,jiachenbao,4149.84,535,15,19,57,75.86448598428777,0.0,72.4,4,FBN,0.028037383177570093,0.0,1.744645576696933,0.2676390356974263,70.54647839071666
45588,N A C Home Building Materials LLC,4026.9700000000003,912,69,84,80,96.18969298225198,79.35,127.55,1,FBN,0.0756578947368421,1.9704641454989729,3.167393846986692,0.25971467998343667,70.80619307070009
242283,TAIZHOU CEDARWAVE TECH LLC.,3946.2999999999997,1697,62,73,6,100.00000000000001,52.09,0.0,1,FBN,0.03653506187389511,1.319970605377189,0.0,0.25451196349082217,71.06070503419092
76772,PULIZI,3923.2999999999997,1225,54,62,27,97.7448979590565,221.8,157.9,6,FBN,0.044081632653061226,5.653404022124233,4.024673106823338,0.2530286056213523,71.31373363981227
476447,MUNKAN FZ-LLC,3818.5600000000004,1980,146,157,24,99.22664141395269,49.58,44.18,1,FBN,0.07373737373737374,1.2983952065700157,1.1569806419173718,0.24627352287142742,71.5600071626837
94829,DesertDecorGoods,3620.84,3321,71,79,156,88.62541403266411,29.99,146.26,3,FBN,0.021379102679915687,0.8282608455496514,4.039394173727643,0.23352180469961953,71.79352896738332
121663,SUPER FAST,3616.93,1907,79,84,12,99.08232826413426,39.99,0.0,1,FBN,0.041426324069218666,1.1056337833466503,0.0,0.23326963386180963,72.02679860124513
46091,Zalcoon,3502.36,1249,187,213,24,100.00000000000003,152.8,11.45,2,FBN,0.14971977582065651,4.362772530522276,0.32692241802670197,0.22588057685723742,72.25267917810237
163,homesmiths,3498.13,1833,53,65,376,94.94339879882469,52.0,0.0,43,DSE,0.028914348063284235,1.4865085059731915,0.0,0.22560776799689577,72.47828694609926
454757,APEX GLOBAL GENERAL TRADING LLC SPC,3479.9700000000003,9235,82,88,50,98.52328099619214,116.80000000000001,238.10999999999999,1,FBN,0.008879263670817542,3.356350773138849,6.842300364658314,0.22443656021821873,72.70272350631748
42110,DMG TECH,3478.88,794,70,79,8,97.80384130978604,83.0,39.0,1,FBN,0.08816120906801007,2.3858253230924893,1.1210504530193626,0.22436626195396991,72.92708976827146
520632,MOMO,3452.6600000000003,549,32,34,22,99.88615664843435,0.0,194.54000000000002,2,SBB,0.058287795992714025,0.0,5.634496301402397,0.2226752339827743,73.14976500225423
237044,LATUS LIGHTING EQUIPMEMT TRADING - FZE,3443.57,1223,33,35,4,100.00000000000001,0.0,399.29999999999995,1,FBN,0.02698282910874898,0.0,11.595524412165279,0.22208898515523162,73.37185398740947
81216,Saluck-store,3408.9700000000003,4297,46,48,26,99.22474982533569,0.0,95.9,1,FBN,0.010705143123109146,0.0,2.8131664403030827,0.21985749896898565,73.59171148637846
140786,Guangzhouaitongwuliankejiyouxiangongsi,3359.38,1689,54,56,9,100.00000000000001,0.0,106.2,1,FBN,0.03197158081705151,0.0,3.1612976203942393,0.21665925041476783,73.80837073679322
203888,HTH Shop,3336.37,1287,28,32,6,100.00000000000001,209.8,429.5,1,FBN,0.021756021756021756,6.288271384768477,12.873272448799145,0.2151752476070938,74.02354598440031
31675,VAODO,3257.52,1479,61,61,87,96.62778904654209,0.0,119.69,1,FBN,0.041244083840432724,0.0,3.6742675409513987,0.21008990986762865,74.23363589426795
177372,AL HARAKA AL SAREEA GENERAL TR.L.L.C,3236.47,992,82,85,4,99.24395161287,0.0,114.0,2,FBN,0.08266129032258064,0.0,3.522356147283924,0.20873231494796168,74.44236820921591
42213,Lucid,3172.2400000000002,1647,44,45,155,92.64192471074205,133.04000000000002,109.85,1,FBN,0.02671523982999393,4.193881925705496,3.4628527475853024,0.20458987686291608,74.64695808607883
272456,Shenzhenshi Ruitongsheng Electronics Co LTD,3163.5000000000005,461,51,68,17,100.00000000000003,0.0,79.1,1,FBN,0.11062906724511931,0.0,2.500395131974079,0.20402620087251758,74.85098428695134
45953,Muyu mall,3153.1899999999996,1073,35,39,92,98.2700372756686,115.44,275.21,1,FBN,0.032618825722273995,3.6610543608218986,8.727986578671123,0.20336126958407255,75.05434555653542
12790,Kabrita,3131.59,1346,55,65,170,99.79569093613591,152.79,348.92999999999995,3,FBN,0.04086181277860327,4.878991183392461,11.142263195373594,0.20196820306317914,75.2563137595986
43983,MITOYO Official Store,3023.64,1589,40,43,1,100.0,71.99,71.99,1,FBN,0.025173064820641914,2.3809051342090988,2.3809051342090988,0.19500609514973255,75.45131985474833
19127,EPSILON WORLD GENERAL TRADING LLC,3001.5099999999998,1556,119,120,26,99.54209511512403,106.0,263.52,2,FBN,0.07647814910025708,3.531555783588927,8.779580944258058,0.19357884690402088,75.64489870165235
19391,Aiwanto & Home,2944.44,831,24,33,101,90.13237063886154,45.95,89.9,5,FBN,0.02888086642599278,1.5605683933107823,3.0532121557919334,0.1898981845731233,75.83479688622548
17312,Ayda,2941.33,814,43,64,105,99.37039312039674,0.0,226.6,5,DSE,0.052825552825552825,0.0,7.703997851312161,0.1896976087916428,76.02449449501712
307333,Digital Super Online Genral Trading - L.L.C - S.P.C,2938.85,721,38,89,243,93.81067961033885,192.12,0.0,16,DSE,0.052704576976421634,6.537250965513722,0.0,0.1895376641170217,76.21403215913415
67618,SACP TRADING,2936.02,565,12,13,108,94.59070796602093,0.0,455.18999999999994,2,DSE,0.021238938053097345,0.0,15.503640983372048,0.18935514660525649,76.4033873057394
219859,Amina Store,2841.5800000000004,1516,49,50,11,100.00000000000001,0.0,0.0,1,FBN,0.032321899736147755,0.0,0.0,0.18326435020557247,76.58665165594498
10308,Gallop Enterprises,2812.69,365,15,19,9,98.97260273962542,745.01,0.0,1,FBN,0.0410958904109589,26.48745506970196,0.0,0.18140112373387746,76.76805277967885
113238,Godo Mall,2809.42,2363,66,68,30,99.16419805321578,64.0,27.61,1,FBN,0.0279305966991113,2.2780502737219783,0.9827651258978722,0.1811902289411311,76.94924300861999
16145,shopglobal,2792.14,405,20,21,46,83.42592592801628,268.21,268.21,41,DSE,0.04938271604938271,9.605893687279291,9.605893687279291,0.18007577572441633,77.1293187843444
287285,noon supermall Grocery,2746.5299999999997,1058,239,260,49,98.07419659716506,9.05,9.8,8,Retail,0.22589792060491493,0.3295066866191158,0.3568138705930757,0.17713421257543718,77.30645299691984
51042,Mamatoons,2738.7199999999993,579,45,49,6,93.84715025896922,64.99,0.0,1,FBN,0.07772020725388601,2.3730063679383075,0.0,0.1766305158380215,77.48308351275787
46196,JANTENS-SA,2738.0600000000004,516,16,16,5,63.74757751930723,0.0,0.0,1,SBB,0.031007751937984496,0.0,0.0,0.17658794991654983,77.65967146267442
85530,Yahaala store,2730.05,1074,30,34,23,93.78491620126722,0.0,0.0,1,FBN,0.027932960893854747,0.0,0.0,0.17607135441505184,77.83574281708948
3001,Noon Fashion Group,2680.0299999999997,773,30,31,37,93.57212160347716,172.0,171.0,9,Retail,0.03880983182406209,6.417838606284258,6.380525591131443,0.17284537351805693,78.00858819060754
325450,foshandachuanggongyinglianyouxiangongsi,2625.4100000000003,1093,29,30,19,91.74290942371684,0.0,265.8,2,FBN,0.026532479414455627,0.0,10.12413299256116,0.1693227210471681,78.1779109116547
105353,ABARCY LLC,2538.5000000000005,240,37,56,5,100.00000000000003,41.99,0.0,2,FBN,0.15416666666666667,1.6541264526295052,0.0,0.1637175631151844,78.34162847476989
132783,senlvhome,2520.8999999999996,2643,44,46,6,99.32368520616033,110.5,54.95,2,FBN,0.01664774877033674,4.383355150938158,2.179777063747075,0.16258247187593786,78.50421094664583
190877,qidian store ,2516.46,523,18,18,2,100.0,0.0,139.8,1,FBN,0.03441682600382409,0.0,5.555423094346821,0.16229611931330976,78.66650706595914
218462,ray8808,2503.9500000000003,638,27,37,4,100.00000000000001,0.0,0.0,1,FBN,0.04231974921630094,0.0,0.0,0.161489301619959,78.8279963675791
148069,HABIBI,2462.02,883,29,30,173,99.97876557187924,119.0,306.75,6,FBN,0.03284258210645526,4.833429460361817,12.459281403075522,0.15878507573009504,78.9867814433092
57459,Xversion,2420.39,384,24,24,10,97.11914062467184,0.0,0.0,1,FBN,0.0625,0.0,0.0,0.15610019798635458,79.14288164129555
372191,SETON@Noon,2367.54,3678,27,32,21,99.99999999994904,89.85,79.95,2,FBN,0.00734094616639478,3.795078435844801,3.3769228819787633,0.1526916995775945,79.29557334087313
210555,Benchmark Trading LLC-FZ,2297.36,1059,27,27,2,100.0,85.49,307.77,1,FBN,0.025495750708215296,3.721227844134136,13.396681408225092,0.14816552326109908,79.44373886413423
268228,yunhaiyilianshenzhenkejiyouxiangongsi,2285.4700000000003,1668,39,40,4,97.3021582733744,0.0,193.76,1,FBN,0.023381294964028777,0.0,8.477906076211895,0.14739869173640358,79.59113755587063
11438,Hassani Trading Company,2273.95,1271,37,49,170,99.96066089691233,0.0,0.0,10,DSE,0.029110936270653028,0.0,0.0,0.14665572292526038,79.73779327879589
56502,23 And Me,2222.6400000000003,571,40,45,151,95.84063047234407,181.18,37.35,2,FBN,0.07005253940455342,8.151567505309002,1.6804340783932619,0.14334654499993438,79.88113982379582
48661,We Never Close,2214.0299999999997,53,8,8,10,97.16981131987363,284.0,0.0,8,SBB,0.1509433962264151,12.827287796461656,0.0,0.14279125320618932,80.023931077002
44147,REOCLE,2168.92,729,43,52,195,96.82784636572858,89.9,130.91,5,FBN,0.05898491083676269,4.144920052376298,6.035722848237833,0.13988193696741608,80.16381301396942
255788,Shenzhenshi Changlianshangmaoyouxiangongsi,2159.36,1131,64,64,8,98.54111405810697,87.8,102.50999999999999,1,FBN,0.05658709106984969,4.066019561351511,4.747239922940129,0.1392653760442799,80.3030783900137
25492,Rock Pow,2156.5499999999997,343,26,29,20,96.53790087434912,85.9,44.9,1,FBN,0.07580174927113703,3.9832139296561646,2.0820291669564814,0.13908414840892291,80.44216253842262
35511,MARKQ Store,2142.27,1050,76,94,30,94.79761904746414,109.97,0.0,1,FBN,0.07238095238095238,5.13333986845729,0.0,0.13816317665344338,80.58032571507607
375757,quan zhou shi jia dun dian zi shang wu you xian gong si,2069.05,589,13,13,18,94.39728353164993,0.0,0.0,1,FBN,0.022071307300509338,0.0,0.0,0.1334409391228963,80.71376665419896
65984,Scooter World,2048.44,365,13,14,9,93.75000000015413,0.0,0.0,1,FBN,0.03561643835616438,0.0,0.0,0.13211172148421046,80.84587837568317
388888,KWJ Store,2038.03,451,49,68,15,97.0482261641276,0.0,0.0,2,FBN,0.10864745011086474,0.0,0.0,0.13144034081372433,80.9773187164969
90742,Shen zhen shi ju bai chuan ke ji you xian gong si,2019.04,340,11,11,4,87.27941176459885,159.0,0.0,1,FBN,0.03235294117647059,7.875029717093272,0.0,0.13021560316410552,81.107534319661
33890,FUFU Trading FZCO,1991.6599999999999,1052,32,35,71,99.04942965776729,163.97,189.97,2,FBN,0.030418250950570342,8.232830904873323,9.53827460510328,0.12844976236123226,81.23598408202223
25949,Alice,1916.15,603,19,19,51,92.66169154263038,98.0,0.0,4,FBN,0.03150912106135987,5.114422148579182,0.0,0.1235798339819423,81.35956391600416
45147,SNACK ATTACK,1885.63,1092,38,41,43,94.97481684973411,0.0,194.97,1,DSE,0.0347985347985348,0.0,10.339780338666651,0.12161148258297622,81.48117539858714
378642,1688shop,1881.73,360,31,52,36,21.59722222554842,172.0,85.66,1,SBB,0.08611111111111111,9.14052494247315,4.552193991699128,0.12135995668337045,81.6025353552705
38220,Nanmall,1876.07,808,25,25,43,97.0451732673881,149.53,75.5,1,FBN,0.03094059405940594,7.970384900350201,4.024370092800375,0.12099492165984004,81.72353027693035
171458,shenzhenshiyoudidashiyeyouxiangongsi,1868.54,1032,40,42,19,96.40261627901599,0.0,44.0,1,FBN,0.03875968992248062,0.0,2.354779667547925,0.12050928319213969,81.84403956012248
44395,wuhan trading,1846.92,742,25,30,161,98.01212937907344,113.0,62.57,5,FBN,0.03369272237196765,6.118294241223225,3.3878023953392677,0.11911492679483804,81.96315448691732
29163,AL SAQER HOUSEHOLD TRADING,1813.71,637,36,52,91,98.67543171119804,24.9,264.51,7,DSE,0.0565149136577708,1.3728765899730386,14.583919149147325,0.11697308701896438,82.08012757393628
88269,HEGANGKEJI,1801.03,268,10,16,51,84.21175373406655,231.0,0.0,3,FBN,0.03731343283582089,12.825994014536127,0.0,0.11615530537614359,82.19628287931242
38641,royalbelly,1791.3700000000003,2910,24,28,46,99.27835051547619,64.18,0.0,2,FBN,0.008247422680412371,3.5827327687747363,0.0,0.11553229507096628,82.31181517438338
17993,HOME DIY,1746.5700000000002,1340,16,17,84,99.42630596999786,0.0,0.0,1,DSE,0.011940298507462687,0.0,0.0,0.1126429719165206,82.4244581462999
36840,OKWAN,1736.8400000000001,844,36,37,156,93.92031990511995,43.7,161.98000000000002,1,FBN,0.04265402843601896,2.5160636558347345,9.326132516524263,0.11201544704391446,82.53647359334381
164383,fuzhoujifengwangluokejiyouxiangongsi,1719.93,202,31,48,3,100.00000000000003,69.12,0.0,1,FBN,0.15346534653465346,4.01876820568279,0.0,0.11092485654075204,82.64739844988456
10545,PAN Emirates,1711.19,959,68,84,252,98.33811261670873,10.0,163.0,2,DSE,0.07090719499478623,0.5843886418223575,9.525534861704427,0.1103611805503535,82.75775963043492
297384,Galaxy Goods,1708.84,3409,23,25,1,81.25,142.0,71.0,1,FBN,0.0067468465825755355,8.309730577467757,4.154865288733879,0.11020962007238591,82.8679692505073
38321,Mard express general trading L.L.C,1679.3899999999999,862,24,27,6,97.33178654289331,232.85000000000002,84.95,1,FBN,0.027842227378190254,13.865153418800876,5.058384294297335,0.10831027706126037,82.97627952756856
56506,Vistagen,1647.8500000000001,915,33,42,281,97.66393442652158,162.73,147.64000000000001,35,FBN,0.036065573770491806,9.875292047213033,8.959553357405103,0.10627614196547432,83.08255566953405
66795,new2023,1623.3300000000002,354,22,26,69,98.42867231650644,172.82999999999998,52.86,3,FBN,0.062146892655367235,10.64663377132191,3.256269520060616,0.10469475348897864,83.18725042302303
84166,guangzhoubibozhongbiaoyouxiangongsi,1611.13,621,13,17,29,98.2890499195832,0.0,0.0,1,FBN,0.020933977455716585,0.0,0.0,0.10390792887995548,83.29115835190298
167461,camp-ksa,1605.13,736,24,26,19,93.55468750016985,45.47,45.47,2,FBN,0.03260869565217391,2.832792359497361,2.832792359497361,0.1035209659574851,83.39467931786047
982,Halai Trading,1603.03,348,10,17,128,98.70689655174768,0.0,0.0,10,DSE,0.028735632183908046,0.0,0.0,0.10338552893462045,83.49806484679509
47704,3 Diamonds LLC,1592.04,379,35,35,3,94.32717678086615,55.0,0.0,1,FBN,0.09234828496042216,3.454687068164117,0.0,0.10267674184829549,83.60074158864339
11792,Andador Baby,1538.23,44,8,19,2,100.00000000000001,393.01,1145.22,1,SBB,0.18181818181818182,25.549495199027454,74.45050480097255,0.09920632937194016,83.69994791801533
61101,ECOM MART,1533.1100000000001,1193,33,33,8,92.50838222967724,57.99,0.0,1,FBN,0.027661357921207042,3.7825074521723816,0.0,0.09887612101143207,83.79882403902675
54,Red Store,1497.03,90,3,3,2,100.0,0.0,0.0,1,FBN,0.03333333333333333,0.0,0.0,0.09654918397097674,83.89537322299773
42216,Contexl,1495.62,562,26,29,238,95.75177935297654,35.92,145.56,2,FBN,0.046263345195729534,2.401679571014028,9.732418662494485,0.0964582476841962,83.99183147068193
326869,Quanzhoushi Jinye Dianzi Shangwu Youxian Gongsi,1451.03,465,9,9,24,93.79032258084307,0.0,0.0,1,FBN,0.01935483870967742,0.0,0.0,0.09358246823203702,84.08541393891397
431780,dongyingdiliye,1428.0400000000002,509,23,26,62,78.09430255743577,0.0,0.0,2,FBN,0.04518664047151277,0.0,0.0,0.09209975530077129,84.17751369421474
44175,daynight,1408.21,537,26,30,49,93.34264432043075,17.9,172.0,1,FBN,0.048417132216014895,1.2711172339352794,12.21408738753453,0.09082084284200662,84.26833453705675
83832,foshanhuafanmaoyiyouxiangongsi,1392.17,822,16,17,35,99.77950121654673,205.7,0.0,3,FBN,0.019464720194647202,14.77549437209536,0.0,0.08978636196260241,84.35812089901935
21400,Desertcart,1369.0700000000002,29,7,12,7,99.99999999698277,176.85,0.0,6,SBB,0.2413793103448276,12.917527956934267,0.0,0.08829655471109138,84.44641745373045
161176,SACRED SCROLLS FZ-LLC,1353.5700000000002,301,32,37,12,99.99999999999999,0.0,99.0,2,FBN,0.10631229235880399,0.0,7.313991888118086,0.08729690049470953,84.53371435422515
12410,LNKOO,1350.22,387,43,45,28,99.99999999983852,53.0,31.0,2,FBN,0.1111111111111111,3.9252862496482055,2.2959221460206485,0.0870808461963302,84.62079520042148
71936,HOOPZOZA,1336.35,340,22,25,10,100.00000000000003,0.0,0.0,1,FBN,0.06470588235294118,0.0,0.0,0.08618631690721947,84.7069815173287
59772,Vio International FZE,1321.7800000000002,1075,50,52,26,88.98255813952626,19.99,213.64999999999998,1,FBN,0.046511627906976744,1.5123545521947672,16.163809408524866,0.08524664194382053,84.79222815927253
127235,Tashkeel,1316.63,505,18,21,244,99.99999999960397,0.0,29.0,1,DSE,0.03564356435643564,0.0,2.202592983602075,0.0849144987687001,84.87714265804122
56752,HYFY,1310.7,327,27,32,4,100.00000000000003,44.99,0.0,1,FBN,0.08256880733944955,3.4325169756618603,0.0,0.08453205041365852,84.96167470845488
343767,CLIQNSHOP,1294.81,26,9,10,9,66.10576923144416,888.01,0.0,9,SBB,0.34615384615384615,68.58226303473096,0.0,0.08350724360731607,85.0451819520622
27976,Blooming time,1293.74,399,16,16,220,94.26691729427988,46.49,49.5,8,DSE,0.040100250626566414,3.5934577272094854,3.8261165303693168,0.08343823521947553,85.12862018728167
304038,Luxoraq FZ - LLC,1250.36,293,20,33,74,98.74146757637858,0.0,0.0,1,Unmapped,0.06825938566552901,0.0,0.0,0.08064049329001455,85.20926068057169
307265,shenzhenshi yueyiguojimaoyi youxiangongsi,1249.78,203,25,25,1,100.00000000000001,49.99,0.0,1,FBN,0.12315270935960591,3.999903983101026,0.0,0.08060308687417574,85.28986376744587
159546,guangzhoufeiwanmaoyiyouxiangongsi,1249.74,583,38,38,3,99.87135506000281,0.0,28.8,1,FBN,0.06518010291595197,0.0,2.304479331700994,0.08060050712135927,85.37046427456723
310991,yiwushikuanglimaoyiyouxiangongsi,1242.65,633,33,36,22,94.72748815177785,0.0,94.25,2,FBN,0.052132701421800945,0.0,7.5845974329054835,0.08014324593464009,85.45060752050186
34158,JANTENS-HOME,1242.03,252,8,8,2,72.51984126974168,156.0,0.0,1,DSE,0.031746031746031744,12.560083089780441,0.0,0.08010325976598481,85.53071078026785
27010,Beautiful,1216.6799999999998,511,29,33,95,98.45890410965559,0.0,0.0,1,FBN,0.05675146771037182,0.0,0.0,0.07846834141854736,85.6091791216864
204349,Golden Trust Solutions LLC,1202.61,342,23,24,7,95.39473684202066,0.0,213.01,2,FBN,0.06725146198830409,0.0,17.712309061125385,0.07756091336535428,85.68674003505176
417276,foshanshinanhaiqubaoshiquanshangmaohang(getigongshanghu),1185.85,335,16,17,8,99.79477611939232,0.0,152.98,1,FBN,0.04776119402985075,0.0,12.900451153181264,0.07647999693525365,85.763220031987
837,Dream Theater,1167.92,866,34,40,17,95.74913394903294,59.099999999999994,27.0,1,FBN,0.03926096997690531,5.060278101239811,2.3118021782313853,0.07532362273527127,85.83854365472227
75208,Oasis,1161.03,193,8,9,1,93.75000000000001,129.0,0.0,1,FBN,0.04145077720207254,11.110824009715511,0.0,0.07487926031263444,85.9134229150349
68989,Nisar,1145.88,2141,16,17,29,98.89070527788003,268.95,0.0,1,FBN,0.007473143390938813,23.471044088386215,0.0,0.07390217893339669,85.9873250939683
29129,ZARIO,1143.65,744,20,21,912,96.37936828364053,171.97,50.949999999999996,5,DSE,0.026881720430107527,15.036943120710006,4.455034319940541,0.07375835771387852,86.06108345168218
36314,NKX-Trading,1140.3700000000001,760,10,11,120,96.66940789544314,0.0,0.0,4,DSE,0.013157894736842105,0.0,0.0,0.07354681798292803,86.13463026966511
211036,FESTIVE FZC,1136.01,354,17,19,32,99.15254237201296,35.0,0.0,1,DSE,0.0480225988700565,3.08095879437681,0.0,0.07326562492593287,86.20789589459105
119924,"Yunfan (Suqian) Cross-Border E-Commerce Co., Ltd.",1135.62,287,16,28,7,87.49999999960802,0.0,39.9,1,FBN,0.05574912891986063,0.0,3.5134992338986635,0.07324047233597229,86.28113636692702
68222,lian wo li hua,1122.92,633,47,48,4,100.00000000000001,0.0,118.0,1,FBN,0.07424960505529225,0.0,10.508317600541444,0.0724214008167433,86.35355776774375
468642,shenzhenlengshankejiyouxiangongsi,1117.52,253,15,25,6,100.0,0.0,27.9,1,FBN,0.05928853754940711,0.0,2.4965996134297375,0.07207313418651994,86.42563090193028
55651,Booker,1104.55,1070,19,19,9,100.00000000000003,0.0,48.0,1,FBN,0.017757009345794394,0.0,4.345661128966547,0.07123664933577975,86.49686755126605
509574,baofu666,1096.87,364,9,9,14,95.3983516485177,0.0,0.0,1,FBN,0.024725274725274724,0.0,0.0,0.07074133679501764,86.56760888806107
466494,Vertex Technologies,1087.3799999999999,1360,15,15,3,98.68566176464904,74.99,74.99,1,FBN,0.011029411764705883,6.896393165222829,6.896393165222829,0.0701292904393103,86.63773817850038
485632,Yiwushicetenriyongpinyouxiangongsi,1077.01,376,25,63,22,99.25199468014686,264.01,0.0,9,SBB,0.06648936170212766,24.51323571740281,0.0,0.06946048952164062,86.70719866802203
75339,JOJJY,1072.55,355,22,26,6,97.88732394362727,0.0,36.8,1,FBN,0.061971830985915494,0.0,3.4310754743368608,0.0691728470826043,86.77637151510463
157865,pengchen,1071.88,264,18,22,9,98.22443181775867,0.0,0.0,2,FBN,0.06818181818181818,0.0,0.0,0.06912963622292845,86.84550115132755
35679,BUYCO,1067.94,376,15,17,30,99.90026595706168,68.0,142.0,6,DSE,0.0398936170212766,6.367398917542183,13.29662715133809,0.0688755305705062,86.91437668189806
141222,Yihe,1045.82,98,10,18,1,100.0,348.61,0.0,1,FBN,0.10204081632653061,33.33365206249642,0.0,0.06744892726299867,86.98182560916106
160496,Jiangmenshilesidianzishangwuyouxiangongsi,1034.32,195,35,44,12,99.9999999995513,0.0,0.0,1,FBN,0.1794871794871795,0.0,0.0,0.06670724832826373,87.04853285748932
136082,FuLanRui,1030.52,272,17,21,12,98.96599264708891,30.8,0.0,2,FBN,0.0625,2.988782362302527,0.0,0.06646217181069915,87.11499502930002
36522,INKBIRD,1019.87,67,10,15,3,70.89552238861663,0.0,0.0,1,FBN,0.14925373134328357,0.0,0.0,0.0657753126233142,87.18077034192333
18670,Prime Seller,1014.08,191,18,31,115,100.00000000000003,121.35,49.74,12,DSE,0.09424083769633508,11.966511517828968,4.904938466393184,0.06540189340313027,87.24617223532647
457290,guangzhouyexingdianzishangwuyouxiangongsi,993.1999999999999,83,10,10,10,100.0,109.33,0.0,1,SBB,0.12048192771084337,11.007853403141361,0.0,0.06405526243293326,87.3102274977594
455489,De Trade,989.22,382,26,27,1,100.0,72.0,0.0,1,FBN,0.06806282722513089,7.278461818402378,0.0,0.06379857702769458,87.3740260747871
73058,BBG,977.55,123,11,13,5,100.0,0.0,0.0,1,FBN,0.08943089430894309,0.0,0.0,0.06304593414348965,87.43707200893058
295819,guangzhouyipaiduiwenhuayouxiangongsi,972.69,331,14,14,34,99.1314199395782,0.0,0.0,1,FBN,0.04229607250755287,0.0,0.0,0.06273249417628862,87.49980450310687
67596,PDDMALL,972.02,190,8,8,3,100.00000000000001,0.0,0.0,1,FBN,0.042105263157894736,0.0,0.0,0.06268928331661276,87.56249378642349
271998,13787124321@163.com,961.77,212,26,29,3,100.00000000000001,0.0,0.0,2,FBN,0.12264150943396226,0.0,0.0,0.0620282216573925,87.62452200808087
76522,DesertMart,947.55,469,16,17,22,95.69562899796338,0.0,47.92,1,FBN,0.03411513859275053,0.0,5.057252915413435,0.06111111953113765,87.68563312761201
45545,Baby ABC,946.01,812,33,36,3,100.0,0.0,25.5,1,FBN,0.04064039408866995,0.0,2.695531759706557,0.06101179904770359,87.74664492665971
12845,Al Theqa,942.08,634,31,35,89,99.99999999967473,0.0,0.0,7,DSE,0.04889589905362776,0.0,0.0,0.060758338333485484,87.8074032649932
318299,CHIYLE ae,939.0600000000001,356,14,15,8,98.98174157300357,148.28,148.28,1,FBN,0.03932584269662921,15.790258343449832,15.790258343449832,0.060563566995842054,87.86796683198904
71941,Top one,933.03,1215,13,16,2,100.0,0.0,0.0,2,FBN,0.010699588477366255,0.0,0.0,0.0601746692587593,87.9281415012478
528198,ZOXITY,928.6800000000001,399,15,17,3,100.00000000000001,132.0,69.99,1,FBN,0.03759398496240601,14.213722703191625,7.536503424215015,0.059894121139968254,87.98803562238776
476659,"Hong Kong Yinmiao Technology Co., Limited",927.89,102,13,13,1,75.0,0.0,69.99,1,FBN,0.12745098039215685,0.0,7.542919958184697,0.05984317102184298,88.0478787934096
236538,fanshukuajing,923.22,132,16,16,4,100.00000000000001,59.95,65.95,1,FBN,0.12121212121212122,6.4935768289248506,7.14347609453868,0.05954198488052019,88.10742077829012
69006,Fascist,919.0,258,11,12,36,100.00000000000001,0.0,229.0,1,FBN,0.04263565891472868,0.0,24.918389553862895,0.05926982095838267,88.1666905992485
49839,Yuanxin link,903.2,309,14,15,10,100.00000000000001,0.0,0.0,1,FBN,0.045307443365695796,0.0,0.0,0.0582508185958773,88.22494141784438
416114,Unity Traders FZ LLC,900.5,7,1,6,1,100.0,0.0,0.0,1,SBB,0.14285714285714285,0.0,0.0,0.05807668528076562,88.28301810312514
11685,NAHC,899.84,516,13,15,96,98.0377906979636,33.0,105.5,4,DSE,0.025193798449612403,3.6673186344238973,11.72430654338549,0.058034119359293874,88.34105222248444
473087,LODROC,893.94,1543,12,18,9,99.60304601419699,0.0,0.0,1,FBN,0.007777057679844459,0.0,0.0,0.05765360581886465,88.3987058283033
159085,Shopego Trading FZ-LLC,879.0899999999999,369,15,16,18,100.00000000000004,0.0,136.0,1,FBN,0.04065040650406504,0.0,15.470543402837025,0.05669587258575041,88.45540170088906
23661,KNP SHOPPING,877.93,157,7,17,120,95.14331210791158,0.0,347.17,15,DSE,0.044585987261146494,0.0,39.54415500096819,0.0566210597540728,88.51202276064313
284188,Lullaxx,873.21,400,15,17,6,92.2500000000494,35.95,35.95,1,FBN,0.0375,4.116993621236587,4.116993621236587,0.05631664892172943,88.56833940956486
474440,Bag Store,872.42,280,8,8,6,92.6785714284273,0.0,0.0,1,FBN,0.02857142857142857,0.0,0.0,0.05626569880360416,88.62460510836846
20102,RidgeTrd,864.89,865,10,13,291,97.81069364112466,115.19999999999999,120.7,7,DSE,0.011560693641618497,13.31961289875013,13.955531917353653,0.05578006033590381,88.68038516870436
560431,ZOMO,859.25,353,9,9,3,100.00000000000001,0.0,0.0,1,SBB,0.025495750708215296,0.0,0.0,0.05541631518878163,88.73580148389314
17317,Caomao,857.12,193,11,11,4,100.00000000000003,0.0,163.1,1,FBN,0.05699481865284974,0.0,19.028840769087175,0.055278943351304635,88.79108042724445
87928,geruizikongliutikeji,852.1700000000001,262,9,9,71,89.38454198677279,0.0,43.0,1,FBN,0.03435114503816794,0.0,5.045941537486652,0.05495969894026657,88.84604012618472
691,ARTC,848.95,365,14,21,45,99.53767123286391,25.0,12.95,2,FBN,0.038356164383561646,2.9448141822251013,1.5254137463926025,0.05475202883854078,88.90079215502325
45731,JANTENS--HOME,845.02,160,5,5,2,100.00000000000006,0.0,0.0,1,DSE,0.03125,0.0,0.0,0.05449856812432267,88.95529072314757
216274,zhongshanhakunamashangmaoyouxianzerengongsi,839.8500000000001,892,15,16,18,80.89966367721813,279.97,0.0,1,FBN,0.016816143497757848,33.33571471096029,0.0,0.05416513507279402,89.00945585822036
360455,Guangzhoudaxiaoliangmaoyiyouxiangongsi,834.21,247,13,16,7,97.7226720646165,0.0,119.94,1,FBN,0.05263157894736842,0.0,14.377674686230085,0.05380138992567184,89.06325724814603
13978,Brewing Gadgets,823.02,81,5,5,18,99.99999999999997,194.0,0.0,4,DSE,0.06172839506172839,23.571723651916116,0.0,0.053079704075264536,89.11633695222129
25556,Dot Electronics,821.02,30,5,9,4,67.500000004,109.0,0.0,1,FBN,0.16666666666666666,13.276168668241944,0.0,0.052950716434441075,89.16928766865573
494214,yiwushiyijianggongyipinyouxiangongsi,813.56,288,11,14,63,97.33072916647677,0.0,59.99,1,FBN,0.03819444444444445,0.0,7.373764688529427,0.052469592534169544,89.2217572611899
500414,BYC  Tech,813.0699999999999,128,14,14,4,100.00000000000003,0.0,0.0,1,FBN,0.109375,0.0,0.0,0.052437990562167795,89.27419525175206
64423,A&F's Store,807.94,343,7,7,14,75.98396501431087,0.0,0.0,2,FBN,0.02040816326530612,0.0,0.0,0.052107137263455616,89.32630238901552
45943,Infinity Store,805.01,367,20,21,4,100.00000000000001,0.0,73.95,2,FBN,0.05449591280653951,0.0,9.186221289176533,0.051918170369649234,89.37822055938517
75892,BFR,794.2,1978,9,10,6,99.89256825075562,89.0,0.0,1,FBN,0.00455005055611729,11.206245278267438,0.0,0.051220992170998396,89.42944155155617
67222,SINCO,779.9200000000001,203,11,13,3,96.45935960595031,96.49,0.0,2,FBN,0.054187192118226604,12.371781721202172,0.0,0.05030002041551885,89.47974157197169
12027,LTC INTERNATIONAL LLC,777.9900000000001,617,24,41,115,93.24351701926928,61.42,0.0,13,DSE,0.03889789303079417,7.894703016748286,0.0,0.05017554734212421,89.52991711931381
185359,Tianyuanyi,772.16,146,13,13,9,92.20890411008988,0.0,0.0,1,FBN,0.08904109589041095,0.0,0.0,0.0497995483691238,89.57971666768293
10618,BLGT,767.9,483,33,48,154,94.64285714469278,0.0,50.0,22,DSE,0.06832298136645963,0.0,6.511264487563485,0.04952480469416981,89.6292414723771
159128,1425700686,763.77,115,15,15,1,100.0,0.0,0.0,1,FBN,0.13043478260869565,0.0,0.0,0.049258445215869355,89.67849991759297
41130,ELT-SA,761.21,192,13,15,9,96.87499999978846,0.0,148.0,2,FBN,0.06770833333333333,0.0,19.44272933881583,0.04909334103561533,89.72759325862859
357320,Market2Buyer,755.9000000000001,77,10,11,15,89.20454545545307,229.97,0.0,1,FBN,0.12987012987012986,30.423336420161394,0.0,0.048750878849229025,89.77634413747782
134111,YOUWE7,750.02,143,4,10,10,54.10839161238997,69.9,89.9,1,FBN,0.027972027972027972,9.319751473294048,11.986347030745847,0.04837165518520803,89.82471579266303
65029,INFOSUN,739.98,415,7,8,7,100.00000000000003,0.0,0.0,1,FBN,0.016867469879518072,0.0,0.0,0.047724137228274226,89.8724399298913
19976,C&T HOME,739.27,500,20,21,124,99.38750000027879,0.0,29.5,8,FBN,0.04,0.0,3.9904229848363926,0.0476783466157819,89.92011827650708
310652,deepseeker,739.02,21,1,1,2,99.99999999999999,0.0,0.0,1,DSE,0.047619047619047616,0.0,0.0,0.04766222316067896,89.96778049966777
35356,lovely,733.14,367,12,12,63,99.1144414162661,0.0,69.0,2,FBN,0.0326975476839237,0.0,9.411572141746461,0.04728299949665797,90.01506349916443
37926,GROIC,731.38,221,11,14,66,98.55769230633268,0.0,0.0,1,FBN,0.049773755656108594,0.0,0.0,0.047169490372733325,90.06223298953716
450343,guangzhoukailaikejiyouxiangongsi,730.5799999999999,203,7,9,6,90.20935960519292,0.0,0.0,1,FBN,0.034482758620689655,0.0,0.0,0.04711789531640393,90.10935088485357
479602,SHOELAY,726.92,833,10,10,3,92.57202881151385,209.97,157.98,1,FBN,0.012004801920768308,28.884884168821877,21.73279040334562,0.04688184793369699,90.15623273278726
69001,Ridbaby,720.7,114,12,17,29,97.80701754444061,0.0,0.0,1,FBN,0.10526315789473684,0.0,0.0,0.04648069637073602,90.202713429158
74621,Al Dammam Electric & Sanitary Ware Trading LLC,719.98,478,31,36,75,98.83629707087277,0.0,20.0,1,DSE,0.06485355648535565,0.0,2.7778549404150117,0.04643426082003957,90.24914768997803
436745,Kitchen&Home,717.52,234,8,10,1,100.00000000000001,0.0,72.99,1,FBN,0.03418803418803419,0.0,10.17253874456461,0.046275606021826704,90.29542329599985
419598,ENG,716.02,9,4,4,2,6.25,358.0,0.0,1,SBB,0.4444444444444444,49.998603390966736,0.0,0.0461788652912091,90.34160216129106
428012,YUANZIXING,710.65,1118,15,17,6,100.00000000000001,71.99,0.0,1,FBN,0.013416815742397137,10.130162527263773,0.0,0.0458325334755981,90.38743469476667
29190,TOSHIONICS MIDDLE EAST,707.52,190,4,5,10,94.8684210517902,0.0,0.0,2,FBN,0.021052631578947368,0.0,0.0,0.04563066781770937,90.43306536258437
168871,KSD International FZE LLC,702.2,516,16,16,28,99.86676356576987,0.0,0.0,3,FBN,0.031007751937984496,0.0,0.0,0.045287560693118956,90.4783529232775
543076,Foshandonghuanjiajuyouxiangongsi,699.72,300,11,11,9,99.35416666657184,0.0,0.0,2,FBN,0.03666666666666667,0.0,0.0,0.04512761601849786,90.523480539296
454168,yuxing88,694.25,2,3,5,2,62.5,455.97,0.0,1,SBB,1.5,65.67806985956068,0.0,0.044774834820845676,90.56825537411684
382792,Asia_Shopping 25,693.02,90,7,7,1,100.0,0.0,0.0,1,FBN,0.07777777777777778,0.0,0.0,0.04469550742173924,90.61295088153858
12716,Royal Apex,689.56,481,20,27,28,100.00000000000003,0.0,0.0,4,DSE,0.04158004158004158,0.0,0.0,0.04447235880311465,90.6574232403417
20437,kutis,689.0,358,10,14,80,99.99999999968578,0.0,101.53,5,Unmapped,0.027932960893854747,0.0,14.735849056603772,0.04443624226368408,90.70185948260539
75694,HAOHAN,685.6700000000001,192,28,30,4,100.00000000000001,0.0,0.0,3,FBN,0.14583333333333334,0.0,0.0,0.04422147784171301,90.7460809604471
73284,FUNNY SOUL,669.01,200,13,13,11,99.84374999954375,0.0,0.0,1,FBN,0.065,0.0,0.0,0.04314701079365353,90.78922797124076
520499,Aurevo (FZE),644.88,1803,13,13,1,100.0,0.0,0.0,1,FBN,0.007210205213533,0.0,0.0,0.04159077490711841,90.83081874614788
377209,Sally Sayed ,643.04,181,8,20,7,88.95027623799336,0.0,0.0,1,FBN,0.04419889502762431,0.0,0.0,0.04147210627756082,90.87229085242545
379516,Talala Trading - F.Z.E,640.29,412,23,26,21,98.49817961162583,21.0,126.0,2,FBN,0.055825242718446605,3.2797638570022962,19.678583142013775,0.04129474827142856,90.91358560069688
45436,homiereal,636.2800000000001,285,9,11,26,100.00000000000003,0.0,58.48,3,FBN,0.031578947368421054,0.0,9.190922235493806,0.04103612805157751,90.95462172874845
14483,Hygieneshope,630.01,28,2,3,1,75.0,0.0,210.0,1,SBB,0.07142857142857142,0.0,33.332804241202524,0.04063175179759594,90.99525348054604
428024,A51 The Brand,629.68,351,21,22,2,100.00000000000001,29.99,29.99,2,FBN,0.05982905982905983,4.7627366281285735,4.7627366281285735,0.04061046883686007,91.0358639493829
473099,XINHEFUHUA,622.0,629,9,12,10,100.00000000000001,115.0,0.0,1,FBN,0.014308426073131956,18.488745980707396,0.0,0.040115156296097965,91.075979105679
173779,JY ZD,620.6800000000001,108,14,17,7,96.2962962965578,0.0,0.0,2,FBN,0.12962962962962962,0.0,0.0,0.04003002445315448,91.11600913013216
252106,suqianjingyuekejiyouxiangongsi,618.5300000000001,356,18,22,12,99.71910112308461,0.0,0.0,1,FBN,0.05056179775280899,0.0,0.0,0.03989136273926925,91.15590049287142
405780,NayZaan,617.2,262,10,10,10,100.00000000000004,0.0,0.0,1,FBN,0.03816793893129771,0.0,0.0,0.03980558595812164,91.19570607882955
123643,guang zhou hui xiao mao yi you xian gong si,607.7,37,6,6,5,8.445945945818115,0.0,0.0,1,SBB,0.16216216216216217,0.0,0.0,0.039192894664210186,91.23489897349376
305934,Foshanshishazhizhoumaoyiyouxiangongsi,605.86,216,14,18,9,99.99999999999999,33.23,0.0,1,FBN,0.06481481481481481,5.484765457366388,0.0,0.03907422603465259,91.27397319952841
16837,SWIFT-UAE,603.8,309,13,14,16,95.8940129450063,44.0,69.0,4,FBN,0.042071197411003236,7.28718118582312,11.42762504140444,0.03894136876460442,91.31291456829302
474254,dongguansongfengdianzishangwuyouxiangongsi,602.53,98,10,10,12,98.27806122434859,0.0,108.5,1,FBN,0.10204081632653061,0.0,18.007402121056213,0.038859461612681515,91.35177402990571
468039,Wisemate ,601.49,266,11,13,11,77.79605262905622,0.0,0.0,1,SBB,0.041353383458646614,0.0,0.0,0.03879238803945332,91.39056641794517
44160,AMX,593.9,112,7,7,53,95.3125000031808,0.0,0.0,3,FBN,0.0625,0.0,0.0,0.03830287994252826,91.4288692978877
476732,Plastica Industries LLC,592.01,7,4,10,4,86.60714285586735,332.01,0.0,1,SBB,0.5714285714285714,56.081822942180025,0.0,0.03818098662195008,91.46705028450965
230718,pingxiangyiduwangluokejiyouxiangongsi,576.0699999999999,521,5,5,28,99.83205374273446,0.0,0.0,2,FBN,0.009596928982725527,0.0,0.0,0.03715295512458706,91.50420323963424
140264,bent bu jin chun dian zi Shang wu you Xian gong si,575.01,503,10,10,6,98.63320079498516,0.0,115.0,2,FBN,0.019880715705765408,0.0,19.999652179962087,0.03708459167495062,91.54128783130919
541434,GULVAAR FOR ONLINE SELLING,574.01,1991,11,11,2,81.93746860873864,55.0,0.0,1,SBB,0.0055248618784530384,9.581714604275186,0.0,0.03702009785453889,91.57830792916373
373077,XiXiHaHa,571.34,223,12,16,49,97.86995515573635,0.0,0.0,1,FBN,0.053811659192825115,0.0,0.0,0.036847899354039565,91.61515582851777
304028,Luxoraq FZ LLC,571.2700000000001,207,13,15,31,99.00362318848059,33.49,0.0,1,Unmapped,0.06280193236714976,5.862376809564654,0.0,0.03684338478661075,91.65199921330438
123676,Fazza,568.41,80,11,14,3,99.99999999999999,0.0,0.0,2,FBN,0.1375,0.0,0.0,0.03665893246023318,91.6886581457646
474848,T M T C GENERAL TRADING L.L.C,567.75,4,1,2,8,87.50000001874999,0.0,0.0,8,DSE,0.25,0.0,0.0,0.03661636653876144,91.72527451230337
134578,Luolvjian,564.99,283,13,13,12,98.93992932852767,84.0,0.0,2,FBN,0.045936395759717315,14.867519779111134,0.0,0.036438363594425066,91.7617128758978
460402,guangzhouyesidianzishangwuyouxiangongsi,564.69,82,5,5,5,99.99999999999999,0.0,0.0,1,SBB,0.06097560975609756,0.0,0.0,0.03641901544830154,91.7981318913461
279204,Top-notch merchandise,561.93,195,10,10,4,97.43589743495072,0.0,0.0,1,FBN,0.05128205128205128,0.0,0.0,0.03624101250396516,91.83437290385007
236018,pingxiangshihuamaomaoyiyouxiangongsi,558.9200000000001,861,6,6,23,99.85481997676361,0.0,196.0,1,FBN,0.006968641114982578,0.0,35.067630430115216,0.036046886104525847,91.8704197899546
71443,Novarise llc,554.76,110,12,17,2,100.0,24.99,0.0,1,FBN,0.10909090909090909,4.504650659744755,0.0,0.03577859181161303,91.9061983817662
225778,Souq Al Deals,553.46,85,10,11,9,100.00000000000001,0.0,0.0,1,FBN,0.11764705882352941,0.0,0.0,0.03569474984507778,91.94189313161128
76956,ASJ-AE,553.01,141,7,7,4,100.0,0.0,158.0,1,FBN,0.04964539007092199,0.0,28.570911918410157,0.0356657276258925,91.97755885923718
81727,NICE SMELL TRADING CO L.L.C (BR),543.26,124,15,25,6,94.55645161305281,0.0,0.0,1,FBN,0.12096774193548387,0.0,0.0,0.0350369128768781,92.01259577211405
553402,Xiangju,540.01,0,3,36,1,6.25,0.0,0.0,1,SBB,0.0,0.0,0.0,0.03482730796053997,92.0474230800746
339366,quanzhou guangchen sujiaozhipin youxiangongsi,537.01,819,3,3,4,100.00000000000001,0.0,0.0,1,FBN,0.003663003663003663,0.0,0.0,0.03463382649930477,92.0820569065739
308193,dongyingdahalan,526.29,270,9,9,72,97.15277777670138,0.0,0.0,1,FBN,0.03333333333333333,0.0,0.0,0.033942452744490995,92.1159993593184
113464,13570833996,525.61,39,6,11,5,82.05128205384204,0.0,0.0,2,FBN,0.15384615384615385,0.0,0.0,0.033898596946611015,92.14989795626501
70447,Bernessi,525.2,69,12,13,5,94.02173912750867,0.0,0.0,1,FBN,0.17391304347826086,0.0,0.0,0.0338721544802422,92.18377011074524
463236,taiyuanyidongmaoyiyouxiangongsi,523.62,174,10,11,2,92.34913793095089,0.0,0.0,1,FBN,0.05747126436781609,0.0,0.0,0.03377025424399167,92.21754036498923
12854,AVCI GENERAL TRADING L.L.C.,521.1700000000001,98,5,11,37,100.00000000000003,0.0,0.0,3,DSE,0.05102040816326531,0.0,0.0,0.03361224438398292,92.25115260937322
215181,lucky bazar,518.71,112,12,13,3,99.99999999999999,0.0,0.0,1,FBN,0.10714285714285714,0.0,0.0,0.033453589585770056,92.284606198959
510644,yiwuzhuoyukeji,517.1999999999999,89,10,10,6,80.05617977491005,69.0,119.8,1,FBN,0.11235955056179775,13.341067285382833,23.163186388244394,0.03335620391694833,92.31796240287595
267607,Shams online trading ,515.77,146,8,24,9,100.00000000000001,0.0,91.98,1,FBN,0.0547945205479452,0.0,17.83353044961902,0.03326397775375956,92.35122638062971
42222,Vinco,514.1,210,7,7,94,96.07142857264458,0.0,50.19,1,FBN,0.03333333333333333,0.0,9.762692083252285,0.033156273073671964,92.38438265370338
296619,FND,510.96999999999997,480,7,7,31,100.00000000000004,0.0,0.0,1,FBN,0.014583333333333334,0.0,0.0,0.03295440741578324,92.41733706111917
321541,Gaojie,510.95,793,8,8,41,98.12421185384234,0.0,88.00999999999999,1,FBN,0.01008827238335435,0.0,17.224777375477053,0.03295311753937501,92.45029017865855
11752,LIFE SMILE,510.0,136,6,6,15,100.00000000000007,0.0,0.0,1,DSE,0.04411764705882353,0.0,0.0,0.03289184840998386,92.48318202706854
512664,Sayed General Trading FZ-LLC,507.93999999999994,1061,7,7,2,99.99999999992342,62.99,114.98,1,FBN,0.006597549481621112,12.401070992636926,22.63653187384337,0.03275899113993568,92.51594101820847
498744,shenzhenlingyuexiangkejiyouxiangongsi,505.22,355,10,11,14,81.9014084509595,0.0,95.98,1,FBN,0.028169014084507043,0.0,18.997664383832785,0.03258356794841578,92.54852458615689
298247,MS Business Innovations LLC,501.31,157,17,17,6,94.38694267515848,0.0,0.0,1,FBN,0.10828025477707007,0.0,0.0,0.0323313971106059,92.5808559832675
28445,Tesco,497.01,142,3,3,8,94.19014084523779,0.0,0.0,2,Unmapped,0.02112676056338028,0.0,0.0,0.03205407368283545,92.61291005695033
149897,fuhongjin,494.01,125,2,10,4,100.00000000000001,0.0,0.0,1,FBN,0.016,0.0,0.0,0.031860592221600245,92.64477064917193
92145,Bright Stone FZCO,485.04,76,2,2,50,99.99999999999996,470.54,0.0,6,DSE,0.02631578947368421,97.01055583044698,0.0,0.031282082652507,92.67605273182444
412267,M.anwarllc,479.95,187,7,7,2,81.75133689848795,59.99,0.0,1,FBN,0.0374331550802139,12.499218668611315,0.0,0.03095380910661128,92.70700654093105
383935,dongyingahasa,478.4,162,6,6,72,94.75308642027854,0.0,0.0,1,FBN,0.037037037037037035,0.0,0.0,0.030853843684973094,92.73786038461603
389583,foshanshinanhaiqubaoshiyushangmaohang(getigongshanghu),475.68,324,9,9,10,98.14814814809674,0.0,0.0,1,FBN,0.027777777777777776,0.0,0.0,0.03067842049345318,92.76853880510949
375303,BLST,474.0,159,6,6,8,100.00000000000009,69.0,99.0,1,FBN,0.03773584905660377,14.556962025316455,20.88607594936709,0.03057007087516147,92.79910887598464
221372,zhengbing,473.31,252,9,9,2,86.40873015873883,0.0,0.0,2,FBN,0.03571428571428571,0.0,0.0,0.030525570139077373,92.82963444612372
304658,shenzhenshijiabailimaoyiyouxiangongsi,471.51,39,6,7,3,97.59615384399653,0.0,0.0,2,FBN,0.15384615384615385,0.0,0.0,0.030409481262336252,92.86004392738606
56605,ECARES,470.53,104,17,18,2,84.85576923033932,27.99,0.0,1,FBN,0.16346153846153846,5.948611140628652,0.0,0.030346277318332754,92.89039020470439
34874,AMANI TRADING,466.9,283,8,8,41,99.20494699588528,0.0,64.95,1,Unmapped,0.028268551236749116,0.0,13.910901692011137,0.030112164750238164,92.92050236945462
462368,jiayouxin,465.4,201,12,13,14,95.11815920391689,26.95,0.0,2,FBN,0.05970149253731343,5.790717662226042,0.0,0.030015424019620564,92.95051779347425
474289,dongguanyuandashengkejiyouxiangongsi,463.03000000000003,278,8,9,26,87.54496403007336,0.0,77.0,1,FBN,0.02877697841726619,0.0,16.62959203507332,0.02986257366524476,92.98038036713949
24759,Best Buy,462.35,104,9,11,18,99.33894230391667,0.0,0.0,1,FBN,0.08653846153846154,0.0,0.0,0.029818717867364782,93.01019908500686
145453,Versa-Mart,460.92999999999995,83,6,12,19,100.00000000000003,0.0,0.0,1,DSE,0.07228915662650602,0.0,0.0,0.02972713664238012,93.03992622164924
239081,1ST Souq FZE LLC,460.86,1836,6,6,3,99.96255446608127,0.0,0.0,1,FBN,0.0032679738562091504,0.0,0.0,0.0297226220749513,93.0696488437242
75145,Ume,459.01,59,10,18,3,100.0,51.0,0.0,3,FBN,0.1694915254237288,11.110869044247403,0.0,0.029603308507189587,93.09925215223139
371802,JBC-3,458.0,75,2,2,2,99.99999999999999,229.0,0.0,1,FBN,0.02666666666666667,50.0,0.0,0.02953816974857374,93.12879032197996
377095,shenzhenruifengshiyeyouxiangongsi,457.99999999999994,216,9,10,14,95.77546296341364,0.0,0.0,1,FBN,0.041666666666666664,0.0,0.0,0.029538169748573734,93.15832849172854
29576,BestStore AE,457.6,295,9,9,31,77.86016949572036,0.0,0.0,2,FBN,0.030508474576271188,0.0,0.0,0.029512372220409047,93.18784086394895
360894,safszhongji,456.01,13,3,3,2,88.46153846131656,0.0,0.0,2,FBN,0.23076923076923078,0.0,0.0,0.029409827045954393,93.2172506909949
39408,ZCM HAPPY,452.68999999999994,192,11,13,37,98.95833333242734,0.0,0.0,2,FBN,0.057291666666666664,0.0,0.0,0.029195707562187433,93.24644639855708
462937,Novohome,451.42,581,19,24,7,79.56110154936795,0.0,33.43,2,FBN,0.03270223752151463,0.0,7.405520357981481,0.02911380041026454,93.27556019896734
301610,Shenzhenshirongzhongdianzishangwuyouxiangongsi,449.89,174,11,12,4,100.00000000000004,0.0,0.0,1,FBN,0.06321839080459771,0.0,0.0,0.029015124865034585,93.30457532383238
466758,C2,449.11,50,4,9,2,100.0,0.0,0.0,1,FBN,0.08,0.0,0.0,0.028964819685113434,93.3335401435175
194997,Chenxiasilu,447.22999999999996,169,8,10,13,96.22781065117914,0.0,24.9,1,FBN,0.047337278106508875,0.0,5.567605035440377,0.028843571302739374,93.36238371482024
378725,interReach,446.01,95,9,12,4,78.28947368538088,0.0,0.0,1,FBN,0.09473684210526316,0.0,0.0,0.02876488884183706,93.39114860366207
430705,Chumbak,441.0,42,6,6,7,72.61904761765871,81.0,0.0,1,Retail,0.14285714285714285,18.367346938775512,0.0,0.02844177480157428,93.41959037846365
317797,xinruitong,437.91,904,9,10,6,99.9723451327298,0.0,59.99,1,FBN,0.00995575221238938,0.0,13.699161928250097,0.02824248889650202,93.44783286736015
91323,Xinxiangshi muyequxingchenshangmaoyouxiangongsi,427.62000000000006,23,4,4,3,99.99999999999999,0.0,0.0,1,FBN,0.17391304347826086,0.0,0.0,0.02757884748446529,93.47541171484461
45434,XiuRen,421.16,519,11,11,19,95.5443159922149,57.8,0.0,1,FBN,0.02119460500963391,13.724000379903122,0.0,0.027162217404605497,93.50257393224922
41341,DubaiShopping,419.31,78,12,14,4,99.99999999999999,0.0,0.0,2,SBB,0.15384615384615385,0.0,0.0,0.027042903836843792,93.52961683608606
481991,Daiso Japan,418.35,558,35,50,269,98.86872759826173,0.0,39.5,5,DSE,0.06272401433691756,0.0,9.441854906179035,0.026980989769248526,93.5565978258553
308589,wuhahao,418.0,96,7,9,9,100.0,43.0,0.0,3,FBN,0.07291666666666667,10.287081339712918,0.0,0.026958416932104417,93.58355624278741
416992,4H ESSENTIALS FZE,410.21999999999997,318,18,18,7,85.88836477978225,0.0,0.0,1,FBN,0.05660377358490566,0.0,0.0,0.026456655009301132,93.61001289779671
15986,Cottonhome.ae,409.51,94,10,10,6,99.66755319085985,0.0,0.0,2,DSE,0.10638297872340426,0.0,0.0,0.026410864396808804,93.63642376219352
407655,Chizi,405.27000000000004,2953,6,6,2,99.72485607853693,62.1,0.0,1,FBN,0.002031832035218422,15.323117921385743,0.0,0.026137410598263057,93.66256117279178
18370,SuperHome,404.6,230,7,8,17,99.67391304335494,47.88,0.0,3,FBN,0.030434782608695653,11.833910034602075,0.0,0.026094199738587197,93.68865537253038
161923,Alayjah,402.01,126,5,5,3,100.00000000000001,85.0,0.0,1,FBN,0.03968253968253968,21.14375264296908,0.0,0.025927160743720805,93.7145825332741
58171,Great Offers Trading,402.0,14,3,8,7,87.50000000491069,0.0,0.0,1,DSE,0.21428571428571427,0.0,0.0,0.02592651580551669,93.74050904907962
408876,Yaan Teejara,400.51,125,9,9,1,100.0,0.0,45.0,1,FBN,0.072,0.0,11.235674514993384,0.02583042001310321,93.76633946909273
226892,Virventures Inc,400.01,14,1,2,1,18.750000000000004,0.0,0.0,1,FBN,0.07142857142857142,0.0,0.0,0.02579817310289734,93.79213764219563
117352,NEWSTAR,396.01,34,4,4,1,100.0,0.0,0.0,1,FBN,0.11764705882352941,0.0,0.0,0.02554019782125041,93.81767784001688
10201,Santhome Store,394.07,74,4,6,21,99.99999999999999,0.0,0.0,3,DSE,0.05405405405405406,0.0,0.0,0.025415079809651648,93.84309291982653
65553,HelloMoto,394.01,1139,4,4,3,100.00000000000001,103.88,0.0,1,FBN,0.003511852502194908,26.364813075810257,0.0,0.02541121018042694,93.86850413000695
175349,guangzhouxiaoyaxinxikejiyouxiangongsi,393.59,138,7,7,6,82.60869565289072,0.0,0.0,1,FBN,0.050724637681159424,0.0,0.0,0.025384122775854015,93.8938882527828
13820,Ebuy,393.01,178,4,4,157,99.47331460465931,0.0,0.0,13,DSE,0.02247191011235955,0.0,0.0,0.02534671636001521,93.91923496914282
476440,TRADES GLOBAL INDIA FOR ONLINE SELLING,393.0,66,8,9,6,99.99999999999997,0.0,70.0,1,SBB,0.12121212121212122,0.0,17.8117048346056,0.02534607142181109,93.94458104056463
476272,WeiaiShenZhenJiaJuYongPinYouXianGongSi,391.17,45,4,4,2,100.0,0.0,0.0,1,FBN,0.08888888888888889,0.0,0.0,0.02522804773045762,93.96980908829508
92201,dong guan shi yi zheng guo ji mao yi you xian gong si,388.0,252,2,2,4,100.00000000000001,0.0,0.0,1,FBN,0.007936507936507936,0.0,0.0,0.02502360231975243,93.99483269061483
12323,BigSHOP,386.01,92,2,2,5,100.00000000000001,0.0,0.0,2,FBN,0.021739130434782608,0.0,0.0,0.024895259617133077,94.01972795023197
431735,Tianhua,384.45,137,9,11,2,100.00000000000001,67.9,0.0,1,FBN,0.06569343065693431,17.66159448562882,0.0,0.024794649257290774,94.04452259948926
368800,youhuaguo,382.96,143,7,7,1,100.00000000000001,0.0,0.0,1,FBN,0.04895104895104895,0.0,0.0,0.02469855346487729,94.06922115295413
123637,guang zhou hui bu mao yi you xian gong si,381.0,4,5,5,5,6.250000000000001,0.0,0.0,1,SBB,1.25,0.0,0.0,0.024572145576870295,94.093793298531
296298,wigglywhale,379.96,251,3,4,2,100.00000000000001,0.0,0.0,1,FBN,0.01195219123505976,0.0,0.0,0.024505072003642093,94.11829837053465
38474,HOMESTAR,378.01,334,24,26,161,97.86676646621898,0.0,30.619999999999997,14,FBN,0.0718562874251497,0.0,8.1003148064866,0.024379309053839213,94.14267767958849
510386,nalandai,372.53999999999996,0,2,2,2,100.0,0.0,0.0,1,SBB,0.0,0.0,0.0,0.024026527856187033,94.16670420744468
329138,Kang,372.01,106,3,3,2,75.23584905706879,0.0,0.0,1,FBN,0.02830188679245283,0.0,0.0,0.023992346131368813,94.19069655357605
266156,Dongguanshichaoshijiewenhuachuanmeiyouxiangongsi,370.01,56,3,4,2,99.99999999843753,0.0,0.0,1,FBN,0.05357142857142857,0.0,0.0,0.02386335849054535,94.21455991206659
485105,DISSIPATION,370.0,32,7,7,8,8.007812511364751,0.0,0.0,1,SBB,0.21875,0.0,0.0,0.02386271355234123,94.23842262561894
397919,WeeZee,369.47,91,10,10,31,99.99999999842036,43.23,0.0,1,FBN,0.10989010989010989,11.700544022518741,0.0,0.023828531827523015,94.26225115744646
118933,Cleaning Superstore,368.0,39,4,6,6,100.0,51.0,0.0,1,DSE,0.10256410256410256,13.858695652173914,0.0,0.023733725911517765,94.28598488335797
470803,dongguanweinuoqishikejiyouxiangongsi,366.94,30,5,5,18,88.33333333574998,0.0,0.0,1,FBN,0.16666666666666666,0.0,0.0,0.02366536246188133,94.30965024581985
374574,Haiji,366.8,87,8,9,11,100.00000000000001,0.0,0.0,1,FBN,0.09195402298850575,0.0,0.0,0.023656333327023688,94.33330657914688
48248,Peng General,364.90999999999997,167,5,7,3,98.42814371235997,0.0,0.0,1,FBN,0.029940119760479042,0.0,0.0,0.023534440006445508,94.35684101915332
60634,Milemelo,363.67,169,11,11,24,98.37278106519732,0.0,14.0,5,FBN,0.0650887573964497,0.0,3.849643907938516,0.023454467669134962,94.38029548682246
465581,MALIK ANWAR MOBILE PHONES & ACCESSORIES TRADING CO. L.L.C,360.01,53,3,3,12,100.0,0.0,0.0,3,DSE,0.05660377358490566,0.0,0.0,0.023218420286428017,94.40351390710889
55517,PhoneLess,360.0,171,7,8,2,100.0,33.0,0.0,2,FBN,0.04093567251461988,9.166666666666666,0.0,0.0232177753482239,94.42673168245712
493947,Jannat Prestige,359.83,189,17,18,1,100.00000000000001,0.0,0.0,1,FBN,0.08994708994708994,0.0,0.0,0.023206811398753906,94.44993849385587
70364,Vixellence,359.41,25,5,12,1,100.0,0.0,0.0,1,FBN,0.2,0.0,0.0,0.02317972399418098,94.47311821785004
155353,Aljamal,357.84000000000003,139,7,7,22,71.44784173276072,0.0,0.0,1,FBN,0.050359712230215826,0.0,0.0,0.02307846869613456,94.49619668654618
21979,ADAK Smart Technologies,355.97,41,4,4,4,100.0,88.99,0.0,1,FBN,0.0975609756097561,24.999297693625863,0.0,0.022957865251964617,94.51915455179815
317867,liupeng9046@gmail.com,355.25,48,9,13,13,100.0,0.0,0.0,1,FBN,0.1875,0.0,0.0,0.02291142970126817,94.54206598149942
41316,C & C Home,354.31,103,6,8,21,100.00000000000001,0.0,126.31,1,DSE,0.05825242718446602,0.0,35.649572408342976,0.022850805510081142,94.5649167870095
399763,Advanced Business Gateway Trading Co,346.99,66,3,4,2,99.0530303028983,0.0,0.0,2,FBN,0.045454545454545456,0.0,0.0,0.022378710744667255,94.58729549775416
87980,KUABIAN,346.20000000000005,87,5,6,6,100.00000000000001,0.0,0.0,1,FBN,0.05747126436781609,0.0,0.0,0.02232776062654199,94.6096232583807
38197,SUPERMAMA-GCC,344.87,188,6,6,5,100.00000000000001,0.0,0.0,1,FBN,0.031914893617021274,0.0,0.0,0.02224198384539438,94.63186524222608
304742,guangzhouyoulixinxizixunyouxiangongsi,344.4,149,11,11,5,100.00000000000003,0.0,0.0,1,FBN,0.0738255033557047,0.0,0.0,0.022211671749800863,94.65407691397589
102013,Leaps Enterprises LLC,342.99,162,5,5,13,100.00000000000006,0.0,0.0,1,FBN,0.030864197530864196,0.0,0.0,0.022120735463020322,94.6761976494389
379492,Guludisa store,342.29,35,9,9,2,99.99999999999999,0.0,0.0,1,FBN,0.2571428571428571,0.0,0.0,0.02207558978873211,94.69827323922763
510372,liujiao,342.01,3,1,2,1,6.25,0.0,0.0,1,SBB,0.3333333333333333,0.0,0.0,0.02205753151901682,94.72033077074664
542653,Made In China Store,340.01,66,4,8,4,9.09090909215737,0.0,0.0,2,SBB,0.06060606060606061,0.0,0.0,0.021928543878193357,94.74225931462483
11,Trucare,338.07,80,6,6,9,99.99999999999997,78.14,49.0,5,FBN,0.075,23.113556364066614,14.494039695920963,0.021803425866594596,94.76406274049143
441424,KSD GLOBAL ,338.03000000000003,137,9,9,11,100.00000000000004,0.0,30.24,4,FBN,0.06569343065693431,0.0,8.945951542762476,0.021800846113778128,94.7858635866052
509812,LvXiaofang,337.27,6,3,3,3,100.0,0.0,0.0,1,SBB,0.5,0.0,0.0,0.02175183081026521,94.80761541741546
297066,Tintin Home Selection,333.01,73,6,7,3,90.58219177975464,0.0,45.46,2,FBN,0.0821917808219178,0.0,13.651241704453321,0.021477087135311226,94.82909250455077
512452,SHOPIRA GO ,332.01,242,6,6,3,100.00000000000004,0.0,65.0,1,FBN,0.024793388429752067,0.0,19.577723562543298,0.021412593314899492,94.85050509786568
403370,twe,330.01,68,9,11,1,100.0,0.0,0.0,1,FBN,0.1323529411764706,0.0,0.0,0.021283605674076025,94.87178870353975
399667,Hiwave Trading LLC,329.27,114,5,5,214,94.51754386317805,0.0,0.0,2,DSE,0.043859649122807015,0.0,0.0,0.02123588024697134,94.89302458378673
74477,KitchTron kitchen Rest Equip,329.01,2,1,1,1,6.25,0.0,0.0,1,SBB,0.5,0.0,0.0,0.021219111853664294,94.9142436956404
468246,Texture Paris,328.01,28,3,4,2,86.60714285790816,82.0,0.0,1,FBN,0.10714285714285714,24.999237828115,0.0,0.02115461803325256,94.93539831367364
60296,Xinyakaro-SA,326.90999999999997,262,6,6,13,100.00000000000003,54.65,48.85,2,FBN,0.022900763358778626,16.717139273806247,14.942950659202841,0.02108367483079965,94.95648198850445
40994,AKDC AE,326.09999999999997,151,7,9,195,84.97516558589837,0.0,125.0,23,DSE,0.046357615894039736,0.0,38.33180006133088,0.021031434836266148,94.97751342334071
28918,ESSEN,326.0,166,4,4,20,100.00000000000004,0.0,0.0,1,FBN,0.024096385542168676,0.0,0.0,0.021024985454224977,94.99853840879493
517623,Belt and Road,325.0,71,11,13,11,92.51760563170501,0.0,0.0,7,SBB,0.15492957746478872,0.0,0.0,0.020960491633813243,95.01949890042874
182907,18198,321.01,119,1,1,1,100.0,0.0,0.0,1,SBB,0.008403361344537815,0.0,0.0,0.02070316129037043,95.04020206171911
310085,Panda guoji maoyi,320.01,14,1,1,4,92.85714285943877,320.01,0.0,1,FBN,0.07142857142857142,100.0,0.0,0.020638667469958693,95.06084072918907
434430,Gulf Eco Mart ,319.97,1213,4,4,1,100.0,0.0,159.98,1,FBN,0.0032976092333058533,0.0,49.998437353501885,0.02063608771714223,95.0814768169062
75299,Maxmara,319.96,60,4,5,10,96.87499999385416,63.99,0.0,2,FBN,0.06666666666666667,19.999374921865236,0.0,0.02063544277893811,95.10211225968514
202420,JJ Amazing Store,318.77,89,7,7,3,94.10112359556402,0.0,0.0,1,FBN,0.07865168539325842,0.0,0.0,0.020558695132648148,95.12267095481779
82191,Hangzhou Jiepai keji youxiangongsi,316.0,154,3,4,5,99.675324675019,0.0,0.0,1,FBN,0.01948051948051948,0.0,0.0,0.020380047250107645,95.1430510020679
112537,shenzhenshifeihankejiyouxiangongsi,308.0,241,11,11,12,92.21991701249155,0.0,0.0,1,FBN,0.04564315352697095,0.0,0.0,0.01986409668681378,95.16291509875472
327211,shenzhenshifengpingkejiyouxiangongsi,307.94,2711,3,5,14,32.3911840655188,0.0,0.0,2,FBN,0.0011066027296200663,0.0,0.0,0.019860227057589077,95.18277532581232
140082,T&M Easyclick,304.01,2,1,1,1,62.5,0.0,0.0,1,SBB,0.5,0.0,0.0,0.019606766343370965,95.20238209215569
424105,FAZAN TRADING CO. L.L.C,302.79,113,8,8,5,99.99999999999999,131.27,0.0,1,FBN,0.07079646017699115,43.35347930909211,0.0,0.019528083882468655,95.22191017603815
136746,Buy and Try it,302.0,163,3,7,20,98.77300613408931,0.0,0.0,1,DSE,0.018404907975460124,0.0,0.0,0.01947713376434338,95.24138730980249
196489,Dubaistore,301.0,201,2,2,154,99.25373134339496,0.0,0.0,1,DSE,0.009950248756218905,0.0,0.0,0.01941263994393165,95.26079994974643
537430,shenzhenshizhihangyuantongmaoyiyouxiangongsi,299.99,21,2,2,1,99.99999999999999,0.0,0.0,1,FBN,0.09523809523809523,0.0,0.0,0.0193475011853158,95.28014745093175
197417,Aiyola,299.71,31,2,7,2,100.0,0.0,159.84,1,FBN,0.06451612903225806,0.0,53.3315538353742,0.019329442915600514,95.29947689384736
106146,Virtual Store LLC,299.51,216,5,5,1,100.00000000000001,0.0,59.9,1,FBN,0.023148148148148147,0.0,19.99933224266302,0.019316544151518168,95.31879343799888
388174,Sansui ,298.0,204,8,9,13,91.11519607912676,0.0,0.0,1,FBN,0.0392156862745098,0.0,0.0,0.01921915848269645,95.33801259648158
125803,VC International FZ-LLC,297.55,101,5,5,4,56.12623762512988,69.5,69.5,1,FBN,0.04950495049504951,23.357418921189716,23.357418921189716,0.01919013626351117,95.3572027327451
51212,Seven777,296.94,76,11,13,2,99.99999999999999,0.0,0.0,1,FBN,0.14473684210526316,0.0,0.0,0.019150795033060015,95.37635352777815
483231,DA LIAN DA INTERNATIONAL LIMITED,296.14,85,7,7,28,90.22058823572748,0.0,83.06,1,FBN,0.08235294117647059,0.0,28.047545080029717,0.019099199976730628,95.39545272775489
359545,RICHUAN,295.01,773,3,5,1,100.0,0.0,0.0,1,FBN,0.0038809831824062097,0.0,0.0,0.01902632195966537,95.41447904971456
144034,guang zhou cai jing dian shang you xian gong si,294.01,212,6,6,1,100.00000000000001,0.0,0.0,1,FBN,0.02830188679245283,0.0,0.0,0.018961828139253636,95.43344087785381
271492,yanling,294.01,21,3,7,1,99.99999999999999,0.0,0.0,1,FBN,0.14285714285714285,0.0,0.0,0.018961828139253636,95.45240270599307
471403,dongguanalaiyakejiyouxiangongsi,293.71,1069,4,6,10,99.50304022436971,0.0,0.0,2,FBN,0.0037418147801683817,0.0,0.0,0.018942479993130115,95.4713451859862
124226,Capstro,291.96,239,6,9,2,92.46861924615118,0.0,35.99,1,Unmapped,0.02510460251046025,0.0,12.327031100150707,0.01882961580740958,95.4901748017936
73251,Skooko,291.32,22,4,5,5,100.0,0.0,0.0,1,SBB,0.18181818181818182,0.0,0.0,0.018788339762346073,95.50896314155595
23690,GZ,291.07,149,8,8,24,97.48322147640627,0.0,0.0,3,Unmapped,0.053691275167785234,0.0,0.0,0.018772216307243142,95.5277353578632
373884,guangzhouweikelongdianzishangwuyouxiangongsi,290.01,62,5,5,2,100.00000000000001,0.0,0.0,1,FBN,0.08064516129032258,0.0,0.0,0.0187038528576067,95.5464392107208
315714,Tribesigns,290.0,19,1,1,1,100.00000000000001,0.0,0.0,1,FBN,0.05263157894736842,0.0,0.0,0.018703207919402585,95.5651424186402
529208,AS Zone FZE LLC,289.81,2,1,10,1,43.75,289.81,0.0,1,SBB,0.5,100.0,0.0,0.018690954093524358,95.58383337273374
90778,Onbuy UK,289.76,1,1,5,1,12.5,0.0,0.0,1,SBB,1.0,0.0,0.0,0.01868772940250377,95.60252110213624
570,Mumma Zone Official distributor,285.20000000000005,207,5,5,85,95.41062801564301,0.0,0.0,3,DSE,0.024154589371980676,0.0,0.0,0.01839363758142627,95.62091473971766
304630,Seven-77,283.97,71,7,7,20,96.21478873293988,0.0,119.98,1,FBN,0.09859154929577464,0.0,42.250942000915586,0.01831431018231984,95.63922904989998
73434,LDDDDD,283.0,108,6,7,14,94.03935185172968,0.0,0.0,1,FBN,0.05555555555555555,0.0,0.0,0.018251751176520455,95.6574808010765
471783,dongguanzhoufengkejiyouxiangongsi,281.0,274,5,6,24,99.45255474445382,0.0,0.0,1,FBN,0.01824817518248175,0.0,0.0,0.01812276353569699,95.6756035646122
71327,MYG,280.79,97,6,6,10,77.38402061789641,0.0,0.0,2,FBN,0.061855670103092786,0.0,0.0,0.018109219833410527,95.69371278444561
107576,Avrini,280.01,413,3,3,1,100.0,0.0,0.0,1,FBN,0.007263922518159807,0.0,0.0,0.018058914653489373,95.7117716990991
250021,Smart  Gift Advertising ,280.0,8,4,4,4,100.0,0.0,0.0,1,SBB,0.5,0.0,0.0,0.018058269715285256,95.72982996881439
248280,guangzhouMX,279.76,66,5,5,1,100.0,0.0,0.0,1,FBN,0.07575757575757576,0.0,0.0,0.018042791198386438,95.74787276001277
265683,john noonuae,279.71,161,3,3,3,100.00000000000006,0.0,0.0,1,FBN,0.018633540372670808,0.0,0.0,0.01803956650736585,95.76591232652014
431782,tengying,279.0,26,3,3,3,100.0,0.0,0.0,1,SBB,0.11538461538461539,0.0,0.0,0.017993775894873523,95.78390610241502
477998,Fhggs,278.0,69,3,3,3,92.02898550634978,0.0,0.0,1,FBN,0.043478260869565216,0.0,0.0,0.01792928207446179,95.80183538448948
254522,MinnHui,276.01,42,6,7,20,99.99999999999999,0.0,0.0,1,FBN,0.14285714285714285,0.0,0.0,0.01780093937184244,95.81963632386132
10442,POWERLAND,276.01,141,2,2,3,94.23758865228423,0.0,0.0,1,FBN,0.014184397163120567,0.0,0.0,0.01780093937184244,95.83743726323316
78061,FRIENDSHIP STORE,276.0,83,4,4,4,100.0,0.0,0.0,2,FBN,0.04819277108433735,0.0,0.0,0.017800294433638324,95.8552375576668
110926,Mieuten,275.2,142,10,11,18,99.29577464708267,0.0,0.0,3,FBN,0.07042253521126761,0.0,0.0,0.017748699377308937,95.8729862570441
12930,Margotg,274.9,249,4,4,4,85.24096385561073,0.0,0.0,1,FBN,0.01606425702811245,0.0,0.0,0.017729351231185415,95.89071560827529
273299,A&S Sons Trading LLC,274.61,59,10,10,5,100.0,0.0,0.0,2,FBN,0.1694915254237288,0.0,0.0,0.017710648023266017,95.90842625629855
188,Vogue,272.59000000000003,103,2,2,6,90.77669902965172,0.0,74.47,2,DSE,0.019417475728155338,0.0,27.319417440111522,0.017580370506034317,95.9260066268046
56812,Discount Shop,272.5,154,4,4,44,100.00000000000001,0.0,114.0,2,Unmapped,0.025974025974025976,0.0,41.8348623853211,0.017574566062197258,95.94358119286679
287748,huazhou shiyifenghai maoyi youxian gongsi,271.0,72,4,5,9,99.99999999999999,0.0,0.0,1,FBN,0.05555555555555555,0.0,0.0,0.01747782533157966,95.96105901819837
154077,HYY,269.01,167,3,6,1,100.00000000000001,0.0,180.72,1,FBN,0.017964071856287425,0.0,67.1796587487454,0.01734948262896031,95.97840850082733
467537,Homebyss,267.96,102,8,8,4,100.0,0.0,0.0,4,FBN,0.0784313725490196,0.0,0.0,0.01728176411752799,95.99569026494486
161,Western International (L.L.C.),267.01,21,3,3,2,100.00000000000001,0.0,0.0,1,DSE,0.14285714285714285,0.0,0.0,0.017220494988136843,96.01291075993299
90950,sino Tobacco,265.01,2,1,1,1,100.0,0.0,0.0,1,SBB,0.5,0.0,0.0,0.01709150734731338,96.03000226728031
88578,Chang ning shi bai yi da mao yi you xian gong si,263.78000000000003,16,2,2,2,70.7031250001465,0.0,0.0,1,SBB,0.125,0.0,0.0,0.01701217994820695,96.04701444722852
456945,hangzhoujintuodianzishangwuyouxiangongsi,262.52000000000004,202,7,7,17,100.0,0.0,0.0,1,FBN,0.034653465346534656,0.0,0.0,0.016930917734488165,96.063945364963
318878,SABAH,259.21,110,5,5,27,100.0,0.0,0.0,1,FBN,0.045454545454545456,0.0,0.0,0.016717443188925325,96.08066280815193
121078,THE ELEGENT VISION BEAUTY AND PERSONAL CARE REQUISTES TRADING CO. L.L.C,259.0,74,2,3,13,94.67905405331788,0.0,0.0,9,FBN,0.02702702702702703,0.0,0.0,0.016703899486638862,96.09736670763857
141142,Guangzhou Miduoti Ke Ji You Xian Gong Si,258.0,159,3,3,31,95.00786163453333,0.0,166.0,1,FBN,0.018867924528301886,0.0,64.34108527131784,0.016639405666227132,96.1140061133048
132664,Little IA,255.01,9,1,3,42,85.41666670439811,255.01,0.0,1,DSE,0.1111111111111111,100.0,0.0,0.016446569143196046,96.130452682448
321972,Jiangmenchaoliangdianzishangwuyouxiangongsi,254.5,52,4,5,17,99.99999999999999,0.0,0.0,1,FBN,0.07692307692307693,0.0,0.0,0.016413677294786065,96.14686635974279
407250,rongyi,253.75,2011,5,5,10,100.00000000000001,0.0,0.0,1,FBN,0.002486325211337643,0.0,0.0,0.016365306929477262,96.16323166667226
38388,Gifts of Emirates,250.0,41,3,3,3,100.00000000000001,0.0,45.0,2,DSE,0.07317073170731707,0.0,18.0,0.016123455102933264,96.17935512177519
308579,zejinhui,249.0,73,3,5,4,99.99999999999999,0.0,147.0,1,FBN,0.0410958904109589,0.0,59.036144578313255,0.01605896128252153,96.19541408305771
42002,Likeara,248.76999999999998,99,5,5,11,91.98232323213959,0.0,0.0,1,FBN,0.050505050505050504,0.0,0.0,0.016044127703826832,96.21145821076153
111825,Beautiful you,248.44,45,6,7,5,81.66666666799074,29.0,0.0,1,FBN,0.13333333333333333,11.672838512316858,0.0,0.01602284474309096,96.22748105550463
471420,fengyiqiao,246.32999999999998,450,5,5,6,100.00000000000004,0.0,0.0,1,FBN,0.011111111111111112,0.0,0.0,0.015886762782022203,96.24336781828664
468910,SURARAFA,246.0,5,2,4,3,100.00000000000001,0.0,207.0,1,DSE,0.4,0.0,84.14634146341463,0.015865479821286332,96.25923329810793
262987,henanxingtankejiyouxiangongsi,245.01,54,1,1,3,99.99999999999999,0.0,0.0,2,FBN,0.018518518518518517,0.0,0.0,0.015801630939078715,96.27503492904701
69007,Solarsea,243.7,32,4,4,18,99.99999999999999,0.0,0.0,1,FBN,0.125,0.0,0.0,0.015717144034339346,96.29075207308135
76590,YIXIAN,243.01,75,4,4,4,61.50000000216332,0.0,0.0,1,FBN,0.05333333333333334,0.0,0.0,0.01567264329825525,96.30642471637961
81281,TJMR Traders,241.95,4,1,1,2,100.0,0.0,0.0,2,DSE,0.25,0.0,0.0,0.015604279848618813,96.32202899622823
19761,LUSHH,241.4,125,3,4,73,99.99999999795,0.0,0.0,7,FBN,0.024,0.0,0.0,0.01556880824739236,96.33759780447562
221440,Ruiwei Machinery,239.9,139,4,4,19,96.76258992844478,0.0,0.0,1,FBN,0.02877697841726619,0.0,0.0,0.015472067516774763,96.35306987199239
482390,HONGKONG XINXINYUE TECHNOLOGY CO LIMITED,239.0,640,4,4,29,99.7851562496666,0.0,0.0,2,FBN,0.00625,0.0,0.0,0.0154140230784042,96.3684838950708
499551,XiYeM,236.01,65,4,4,1,93.75,0.0,0.0,1,DSE,0.06153846153846154,0.0,0.0,0.01522118655537312,96.38370508162618
276032,EBazario,234.0,80,4,6,1,50.0,0.0,39.0,1,DSE,0.05,0.0,16.666666666666664,0.015091553976345536,96.39879663560252
19587,big-deal,232.94,138,4,4,6,97.91666666674217,0.0,0.0,1,FBN,0.028985507246376812,0.0,0.0,0.015023190526709099,96.41381982612923
130532,Origins of Me,230.94,183,4,6,2,100.00000000000001,0.0,0.0,2,FBN,0.02185792349726776,0.0,0.0,0.014894202885885633,96.42871402901511
274845,Modern General trading (S.P.S - LLC),230.9,52,4,10,37,97.11538461832474,76.0,0.0,2,DSE,0.07692307692307693,32.91468168038112,0.0,0.014891623133069163,96.44360565214818
20001,Fashionhome,230.88,268,11,12,105,99.72014925358657,0.0,17.15,6,DSE,0.041044776119402986,0.0,7.428101178101178,0.014890333256660929,96.45849598540484
172814,ATM STAR TRADING,230.01,15,1,1,15,82.08333332938886,0.0,0.0,2,DSE,0.06666666666666667,0.0,0.0,0.014834223632902722,96.47333020903774
108973,Chixuan,229.69,85,6,6,13,100.0,0.0,0.0,1,FBN,0.07058823529411765,0.0,0.0,0.014813585610370966,96.48814379464811
80393,Sari Sari FZ-LLC,229.5,58,3,5,1,100.0,0.0,0.0,1,FBN,0.05172413793103448,0.0,0.0,0.014801331784492736,96.5029451264326
110181,maxqon,229.0,21,3,12,21,98.21428571156461,0.0,16.0,1,DSE,0.14285714285714285,0.0,6.986899563318777,0.01476908487428687,96.5177142113069
509988,Strong Commercial Bank,226.73000000000002,6,2,2,2,53.125,0.0,0.0,1,SBB,0.3333333333333333,0.0,0.0,0.014622683901952238,96.53233689520884
490529,KSR GENERAL TRADING,225.0,81,3,3,6,85.64814814883972,0.0,115.0,1,DSE,0.037037037037037035,0.0,51.11111111111111,0.014511109592639938,96.54684800480149
495046,wddd,225.0,28,2,2,3,20.535714285299747,0.0,0.0,1,FBN,0.07142857142857142,0.0,0.0,0.014511109592639938,96.56135911439414
48250,gooddeal,224.0,21,1,8,5,91.07142857036564,0.0,0.0,2,FBN,0.047619047619047616,0.0,0.0,0.014446615772228206,96.57580573016637
265270,Whale Song Department Store,223.44,111,4,4,1,100.0,55.86,0.0,1,FBN,0.036036036036036036,25.0,0.0,0.014410499232797634,96.59021622939916
57678,Robust,220.89999999999998,168,10,10,6,98.43749999954429,0.0,45.98,2,FBN,0.05952380952380952,0.0,20.81484834766863,0.01424668492895183,96.60446291432811
47395,Merry Moments,220.85999999999999,62,2,2,8,99.99999999999999,0.0,0.0,1,FBN,0.03225806451612903,0.0,0.0,0.014244105176135363,96.61870701950424
392018,BRIGHT CRESCENT TRADING,220.0,8,2,2,1,81.25,110.0,0.0,1,FBN,0.25,50.0,0.0,0.014188640490581274,96.63289565999483
72765,Best Buy,220.0,19,2,2,50,99.99999998618419,0.0,0.0,11,DSE,0.10526315789473684,0.0,0.0,0.014188640490581274,96.64708430048542
85032,QTENG-TECH,220.0,8,3,4,1,81.25,0.0,0.0,1,FBN,0.375,0.0,0.0,0.014188640490581274,96.661272940976
19959,Apparel Point,219.99,1,2,2,3,99.99999999999997,0.0,0.0,3,SBB,2.0,0.0,0.0,0.014187995552377156,96.67546093652838
368441,dongguanshihuiyashangmaoyouxiangongsi,219.8,80,6,6,13,99.99999999999994,0.0,0.0,2,FBN,0.075,0.0,0.0,0.014175741726498927,96.68963667825489
511892,yiwushixuancekeji,219.51,46,5,6,4,100.00000000000001,0.0,0.0,1,FBN,0.10869565217391304,0.0,0.0,0.014157038518579522,96.70379371677346
275893,FONO TELECOM LLC,219.0,144,1,1,7,98.78472222186178,0.0,0.0,2,Unmapped,0.006944444444444444,0.0,0.0,0.01412414667016954,96.71791786344363
38616,TMALL-KSA,219.0,58,1,1,3,97.09051723964033,0.0,0.0,1,FBN,0.017241379310344827,0.0,0.0,0.01412414667016954,96.7320420101138
104189,jng,218.36999999999998,140,3,3,11,98.66071428543052,101.44,0.0,1,FBN,0.02142857142857143,46.45326739020928,0.0,0.014083515563310148,96.74612552567712
48642,JUNI,216.0,97,4,4,6,100.0,69.0,0.0,2,FBN,0.041237113402061855,31.944444444444443,0.0,0.013930665208934342,96.76005619088605
141022,ALNAJMAH GLASS COATING L.L.C.SP,214.99,96,4,4,34,96.289062499115,0.0,0.0,2,Unmapped,0.041666666666666664,0.0,0.0,0.01386552645031849,96.77392171733636
38671,beinone,214.48,66,2,2,5,99.99999999999999,0.0,0.0,1,FBN,0.030303030303030304,0.0,0.0,0.013832634601908506,96.78775435193828
111215,SKYVIEW SHOES,213.0,155,3,3,8,89.1129032259535,0.0,0.0,1,FBN,0.01935483870967742,0.0,0.0,0.01373718374769914,96.80149153568597
542747,"Quanzhou Fengze Chaohui Cross-border E-Commerce Co., Ltd.",211.0,0,1,1,1,6.25,0.0,0.0,1,SBB,0.0,0.0,0.0,0.013608196106875674,96.81509973179284
202310,ZiSales,208.89999999999998,424,10,12,26,86.659787734992,0.0,0.0,1,FBN,0.02358490566037736,0.0,0.0,0.013472759084011035,96.82857249087685
112320,Monikang noon ,208.0,113,7,9,10,90.04424778725037,0.0,0.0,1,FBN,0.061946902654867256,0.0,0.0,0.013414714645640476,96.84198720552249
451051,yiyangchenlukejiyouxiangongsi,207.6,49,7,7,3,100.0,0.0,62.6,1,FBN,0.14285714285714285,0.0,30.154142581888248,0.013388917117475781,96.85537612263997
507489,zheng chunlong,207.0,112,6,10,6,99.99999999916292,0.0,0.0,5,FBN,0.05357142857142857,0.0,0.0,0.013350220825228742,96.8687263434652
333691,THE PRO BRO ,205.4,120,8,8,3,100.0,0.0,0.0,1,FBN,0.06666666666666667,0.0,0.0,0.01324703071256997,96.88197337417776
35499,Shopify,204.25,25,2,2,16,99.25000000040997,0.0,0.0,11,DSE,0.08,0.0,0.0,0.013172862819096479,96.89514623699685
256363,shenzhenjiachengwaimaoyouxiangongsi,203.29999999999998,79,5,6,2,100.0,38.8,0.0,2,FBN,0.06329113924050633,19.085095917363503,0.0,0.01311159368970533,96.90825783068655
508957,huizhoushitianjundianzishangwuyouxiangongsi,201.11,4,3,3,2,100.0,46.17,0.0,1,SBB,0.75,22.957585401024314,0.0,0.012970352223003637,96.92122818290956
119218,FOSHANSHI LUZHOU MAOYI YOUXIANGONGSI,200.6,59,2,4,18,70.9745762819646,0.0,0.0,1,FBN,0.03389830508474576,0.0,0.0,0.012937460374593653,96.93416564328415
531955,shenzhenshiyufangtongkejiyouxiangongsi,200.0,35,5,7,6,83.92857141839285,0.0,0.0,1,SBB,0.14285714285714285,0.0,0.0,0.012898764082346612,96.9470644073665
497248,Fresh Fusion FZE LLC,200.0,130,4,4,1,100.0,0.0,100.0,1,FBN,0.03076923076923077,0.0,50.0,0.012898764082346612,96.95996317144885
338508,NEW QAMAR JASI,199.99,37,1,1,1,100.0,0.0,0.0,1,SBB,0.02702702702702703,0.0,0.0,0.012898119144142496,96.97286129059299
82764,"Xiamen Shenghuashi Information Technology Co.,Ltd",199.96,10,2,4,1,100.0,0.0,0.0,1,SBB,0.2,0.0,0.0,0.012896184329530143,96.98575747492252
343691,Feiting,199.8,148,4,4,6,34.121621625078745,0.0,0.0,1,FBN,0.02702702702702703,0.0,0.0,0.012885865318264265,96.99864334024079
25142,BIG WORLD,199.6,100,4,4,7,100.00000000000001,0.0,0.0,2,FBN,0.04,0.0,0.0,0.012872966554181917,97.01151630679497
106187,WeiPur,199.0,166,1,1,1,100.00000000000001,0.0,0.0,1,SBB,0.006024096385542169,0.0,0.0,0.012834270261934878,97.02435057705691
26559,Zahra Electronics,199.0,3,1,1,1,93.75,0.0,0.0,1,FBN,0.3333333333333333,0.0,0.0,0.012834270261934878,97.03718484731884
32058,Radicaln Handicrafts,198.0,20,1,2,4,100.0,0.0,0.0,1,FBN,0.05,0.0,0.0,0.012769776441523146,97.04995462376037
487353,Diana,198.0,9,2,2,1,100.0,0.0,0.0,1,SBB,0.2222222222222222,0.0,0.0,0.012769776441523146,97.0627244002019
399068,SKY RHYTHM LTD,197.97,72,1,1,1,100.0,0.0,0.0,1,FBN,0.013888888888888888,0.0,0.0,0.012767841626910793,97.07549224182881
250988,guang dong yue ge fu mao yi you xian gong si,197.0,160,3,3,11,50.62500000022266,0.0,0.0,1,Unmapped,0.01875,0.0,0.0,0.012705282621111412,97.08819752444992
11696,Li Ying,195.0,3,1,3,1,31.249999999999996,195.0,0.0,1,SBB,0.3333333333333333,100.0,0.0,0.012576294980287946,97.10077381943022
472105,erding,194.57,0,1,1,1,25.0,194.57,0.0,1,SBB,0.0,100.0,0.0,0.012548562637510901,97.11332238206772
10072,Danube  Home,194.5,183,6,7,72,94.26229508213294,0.0,0.0,3,DSE,0.03278688524590164,0.0,0.0,0.01254404807008208,97.1258664301378
69475,ERJUN,194.45,167,5,5,4,73.27844311434797,0.0,0.0,1,FBN,0.029940119760479042,0.0,0.0,0.012540823379061494,97.13840725351686
533314,"Yiwu Erdan E-commerce Co., Ltd.",194.0,61,4,8,4,99.99999999999999,0.0,0.0,3,SBB,0.06557377049180328,0.0,0.0,0.012511801159876214,97.15091905467673
468253,Muhammad Zia,193.2,120,3,3,5,100.0,0.0,0.0,1,FBN,0.025,0.0,0.0,0.012460206103546825,97.16337926078027
11109,ROYALFORD,192.0,317,5,5,101,97.83123028443578,0.0,0.0,2,DSE,0.015772870662460567,0.0,0.0,0.012382813519052748,97.17576207429933
50099,Yuchuangda,192.0,71,5,5,5,99.99999999999999,0.0,72.0,1,FBN,0.07042253521126761,0.0,37.5,0.012382813519052748,97.18814488781838
460487,yiqichong,191.0,49,3,5,16,99.36224489704811,0.0,0.0,1,FBN,0.061224489795918366,0.0,0.0,0.012318319698641014,97.20046320751702
56726,Gohome-KSA,189.8,36,4,4,5,100.00000000000001,0.0,0.0,1,FBN,0.1111111111111111,0.0,0.0,0.012240927114146935,97.21270413463117
115226,"Canyue Trading (Huizhou) Co.,ltd",189.15,179,6,6,8,100.00000000000004,0.0,26.0,1,FBN,0.0335195530726257,0.0,13.745704467353951,0.01219900613087931,97.22490314076205
25382,KLNA MAEAAN,188.06,103,4,7,67,92.17233010573923,0.0,0.0,1,DSE,0.038834951456310676,0.0,0.0,0.01212870786663052,97.23703184862869
268,Car Bazaar,186.0,39,2,2,2,88.1410256415845,0.0,93.0,2,FBN,0.05128205128205128,0.0,50.0,0.011995850596582348,97.24902769922527
10881,Deepesh,185.0,117,7,9,44,100.00000000000001,0.0,9.0,3,DSE,0.05982905982905983,0.0,4.864864864864865,0.011931356776170614,97.26095905600144
57473,Oludeniz,185.0,138,3,3,11,96.829710143689,0.0,0.0,2,FBN,0.021739130434782608,0.0,0.0,0.011931356776170614,97.27289041277761
12053,BJM,184.0,90,5,5,16,100.00000000000001,0.0,0.0,4,DSE,0.05555555555555555,0.0,0.0,0.011866862955758882,97.28475727573337
40943,Al Aqsar Trading,183.69,133,10,11,7,100.00000000000004,0.0,0.0,1,FBN,0.07518796992481203,0.0,0.0,0.011846869871431244,97.2966041456048
29192,TRADID,181.22,105,1,1,10,99.34523809422564,0.0,0.0,2,FBN,0.009523809523809525,0.0,0.0,0.011687570135014265,97.30829171573981
506510,RAWAN MAHAL,181.14,270,6,8,2,100.00000000000001,0.0,45.98,2,FBN,0.022222222222222223,0.0,25.3836811306172,0.011682410629381326,97.31997412636919
75565,QinFou-UAE,180.0,27,3,3,2,100.0,0.0,0.0,1,FBN,0.1111111111111111,0.0,0.0,0.01160888767411195,97.3315830140433
247840,ALbaseet Group,180.0,4,1,1,1,100.0,0.0,0.0,1,DSE,0.25,0.0,0.0,0.01160888767411195,97.34319190171742
114928,xinxiangshi hongqiqu yuanyouyuan baihuo youxiangongsi,175.8,9,2,2,3,100.0,0.0,0.0,1,FBN,0.2222222222222222,0.0,0.0,0.011338013628382673,97.35452991534581
87904,YKX,175.4,0,2,4,2,100.0,0.0,0.0,1,SBB,0.0,0.0,0.0,0.011312216100217978,97.36584213144603
203025,Urban Technology,174.98,49,3,3,4,100.00000000000001,57.0,0.0,1,FBN,0.061224489795918366,32.57515144587953,0.0,0.01128512869564505,97.37712726014168
27593,ROCKBROS,174.94,41,6,6,17,100.00000000000001,0.0,29.99,1,FBN,0.14634146341463414,0.0,17.14302046415914,0.01128254894282858,97.38840980908451
84150,Jiangmenxunqudianzishangwuyouxiangongsi,173.0,179,6,6,8,100.00000000000004,0.0,0.0,1,FBN,0.0335195530726257,0.0,0.0,0.011157430931229818,97.39956724001574
160940,Puningshi jianhuo maoyi  youxiangongsi,171.75,40,4,4,4,69.53125000222657,0.0,0.0,1,FBN,0.1,0.0,0.0,0.011076813655715152,97.41064405367146
500055,ZHIHUI,170.0,10,5,6,5,6.250000000000001,0.0,0.0,1,SBB,0.5,0.0,0.0,0.01096394946999462,97.42160800314146
304320,shenzhenshijushengdianzishangwuyouxiangongsi,169.97,25,3,3,4,99.99999999625001,0.0,0.0,1,FBN,0.12,0.0,0.0,0.010962014655382268,97.43257001779683
531451,yushanxiandingpaidianzishangwu Ltd,169.9,673,3,3,7,100.00000000000003,0.0,0.0,1,FBN,0.004457652303120356,0.0,0.0,0.010957500087953447,97.44352751788479
366476,Wxianghe,168.62,68,4,4,16,99.99999999999997,0.0,0.0,1,FBN,0.058823529411764705,0.0,0.0,0.010874947997826429,97.45440246588261
293323,HAMILTON HOUSEWARES INTERNATIONAL FZCO,168.12,76,3,3,8,89.80263157921135,0.0,0.0,2,DSE,0.039473684210526314,0.0,0.0,0.010842701087620563,97.46524516697023
16439,GRACE KITCHEN,168.0,12,1,1,1,100.0,0.0,168.0,1,SBB,0.08333333333333333,0.0,100.0,0.010834961829171152,97.47608012879941
249950,Premium Selection,168.0,10,3,3,1,99.99999999999999,0.0,0.0,1,FBN,0.3,0.0,0.0,0.010834961829171152,97.48691509062859
313425,Ruijie,167.85000000000002,87,2,3,13,99.99999999999999,0.0,0.0,1,FBN,0.022988505747126436,0.0,0.0,0.010825287756109395,97.49774037838469
107740,Zamzin,167.29,75,4,4,4,100.0,0.0,0.0,3,FBN,0.05333333333333334,0.0,0.0,0.010789171216678823,97.50852954960136
41977,askmoon,167.0,2,2,3,2,6.25,0.0,0.0,1,SBB,1.0,0.0,0.0,0.01077046800875942,97.51930001761012
39339,MOCARE,166.64,103,5,5,2,100.00000000000001,0.0,0.0,2,FBN,0.04854368932038835,0.0,0.0,0.010747250233411196,97.53004726784353
46479,MOHO,164.96,24,2,2,11,100.0,0.0,0.0,1,FBN,0.08333333333333333,0.0,0.0,0.010638900615119486,97.54068616845865
59722,Just quality,163.0,74,3,3,2,100.0,0.0,0.0,2,FBN,0.04054054054054054,0.0,0.0,0.010512492727112488,97.55119866118577
48744,superdeal,162.71,58,7,9,2,100.0,112.02000000000001,0.0,2,FBN,0.1206896551724138,68.84641386515888,0.0,0.010493789519193086,97.56169245070495
325926,ruifengqp@163.com  ,159.8,69,4,4,6,99.99999999999999,0.0,0.0,1,FBN,0.057971014492753624,0.0,0.0,0.010306112501794943,97.57199856320675
249078,daxiongwanju,159.8,59,5,5,2,100.0,0.0,0.0,1,FBN,0.0847457627118644,0.0,0.0,0.010306112501794943,97.58230467570854
46241,NICHE,159.54,15,2,2,4,100.00000000000001,79.77,0.0,1,FBN,0.13333333333333333,50.0,0.0,0.010289344108487891,97.59259401981703
144282,beirui,159.0,63,2,3,16,98.21428571267008,0.0,0.0,2,FBN,0.031746031746031744,0.0,0.0,0.010254517445465556,97.60284853726249
554225,NEPOPJIT VEBS ONLINE SELLER,159.0,33,2,2,1,100.0,0.0,0.0,1,SBB,0.06060606060606061,0.0,0.0,0.010254517445465556,97.61310305470795
139769,Warmhome,158.7,54,4,6,7,100.0,0.0,7.9,1,FBN,0.07407407407407407,0.0,4.9779458097038445,0.010235169299342036,97.62333822400728
46044,cxzdksa,158.0,0,1,1,1,6.25,0.0,0.0,1,SBB,0.0,0.0,0.0,0.010190023625053822,97.63352824763234
109879,JIEYU-AE,158.0,6,2,2,1,99.99999999999999,0.0,0.0,1,FBN,0.3333333333333333,0.0,0.0,0.010190023625053822,97.6437182712574
236574,gaoyangxianduolikesidianzishangwuyouxiangongsi,157.92,60,8,8,3,100.0,37.98,0.0,1,FBN,0.13333333333333333,24.05015197568389,0.0,0.010184864119420885,97.65390313537682
59602,JXI,157.65,48,4,4,2,100.0,0.0,41.14,1,FBN,0.08333333333333333,0.0,26.095781795115762,0.010167450787909716,97.66407058616473
441899,Bayt Easy,157.6,83,4,4,1,100.0,0.0,0.0,1,FBN,0.04819277108433735,0.0,0.0,0.01016422609688913,97.67423481226162
543062,qiongdian,156.56,5,1,1,1,100.0,156.56,0.0,1,SBB,0.2,100.0,0.0,0.010097152523660927,97.68433196478527
500700,Jutong,155.4,3,1,1,1,100.0,0.0,0.0,1,SBB,0.3333333333333333,0.0,0.0,0.010022339691983318,97.69435430447726
471809,zhongshanshichunyingkejiyouxiangongsi,155.0,16,2,2,12,100.00000000000001,0.0,0.0,1,FBN,0.125,0.0,0.0,0.009996542163818624,97.70435084664108
455003,FALCOM VENTURES FZE,155.0,7,1,1,1,100.0,0.0,0.0,1,SBB,0.14285714285714285,0.0,0.0,0.009996542163818624,97.7143473888049
59889,Saad Store,154.98,5,2,2,2,100.0,0.0,0.0,2,SBB,0.4,0.0,0.0,0.009995252287410389,97.7243426410923
360887,shanglixianjiachengmaoyiyouxiangong s,154.0,18,2,2,9,100.00000000000001,0.0,0.0,2,FBN,0.1111111111111111,0.0,0.0,0.00993204834340689,97.73427468943571
24661,TP Store,154.0,172,4,4,6,100.00000000000006,0.0,19.75,2,FBN,0.023255813953488372,0.0,12.824675324675324,0.00993204834340689,97.74420673777911
12050,TOY WORLD,154.0,34,3,3,2,100.0,0.0,0.0,2,SBB,0.08823529411764706,0.0,0.0,0.00993204834340689,97.75413878612251
509900,WeiYunxia,152.0,3,2,2,2,100.00000000000001,0.0,0.0,1,SBB,0.6666666666666666,0.0,0.0,0.009803060702583424,97.76394184682509
509944,Wei Xiaoqiu,152.0,3,1,1,1,100.0,0.0,0.0,1,SBB,0.3333333333333333,0.0,0.0,0.009803060702583424,97.77374490752767
218700,shenzhenshihongjiezhaomingkejiyouxiangongsi,151.9,38,5,5,4,99.99999999999999,0.0,0.0,1,FBN,0.13157894736842105,0.0,0.0,0.009796611320542253,97.78354151884821
493229,Beni World ,151.87,439,3,3,5,100.00000000000003,0.0,0.0,1,FBN,0.00683371298405467,0.0,0.0,0.009794676505929899,97.79333619535414
327208,hangzhoufeilengcuimaoyiyouxiangongsi,151.06,25,3,3,15,64.50000001,0.0,0.0,2,FBN,0.12,0.0,0.0,0.009742436511396396,97.80307863186555
454248,baoge,150.19,8,1,1,1,100.0,0.0,0.0,1,SBB,0.125,0.0,0.0,0.009686326887638187,97.81276495875318
323115,hengshanluosendianzishangwuyouxiangongsi,150.0,97,2,2,1,100.0,0.0,75.0,1,FBN,0.020618556701030927,0.0,50.0,0.009674073061759958,97.82243903181494
373963,RMK GARMENTS TRADING L.L.C,150.0,1,1,3,1,43.75,150.0,0.0,1,SBB,1.0,100.0,0.0,0.009674073061759958,97.8321131048767
467747,QUNAIN ONLINE SELLER,150.0,5,1,1,2,100.0,0.0,0.0,1,DSE,0.2,0.0,0.0,0.009674073061759958,97.84178717793846
472050,dongguanhumenhumengfushishejizhongxin,150.0,13,2,2,3,99.99999999134616,0.0,0.0,1,FBN,0.15384615384615385,0.0,0.0,0.009674073061759958,97.85146125100022
41510,FORTUNE STAR,149.99,48,1,1,6,99.99999999999997,0.0,0.0,1,FBN,0.020833333333333332,0.0,0.0,0.009673428123555842,97.86113467912378
146406,Yu Fan,149.7,130,2,3,6,99.99999999942311,0.0,0.0,1,FBN,0.015384615384615385,0.0,0.0,0.009654724915636438,97.87078940403941
114463,skyline Int'l,149.0,2,1,1,1,100.0,0.0,0.0,1,SBB,0.5,0.0,0.0,0.009609579241348224,97.88039898328076
488106,TANLUZHE FOR ONLINE SELLING,148.9,125,2,2,31,89.35000000095081,0.0,0.0,1,FBN,0.016,0.0,0.0,0.009603129859307053,97.89000211314006
460038,chongqingaolaiteguojijinchukoumaoyiyouxiangongsi,148.29000000000002,64,4,4,8,99.99999999999999,0.0,0.0,1,FBN,0.0625,0.0,0.0,0.009563788628855896,97.89956590176891
542250,yushanxianxuanmingdianzishangwu  Co Ltd,147.0,11,2,2,2,84.09090908533057,0.0,0.0,1,FBN,0.18181818181818182,0.0,0.0,0.009480591600524758,97.90904649336943
230607,llt607alq@163.com,145.75,36,5,5,4,76.90972222160978,57.9,0.0,1,FBN,0.1388888888888889,39.72555746140652,0.0,0.009399974325010094,97.91844646769444
391543,mengmengda,145.1,27,2,2,13,80.32407407383401,0.0,0.0,1,FBN,0.07407407407407407,0.0,0.0,0.009358053341742466,97.92780452103618
477676,RO Beauty Lab,145.0,2,1,5,1,100.0,0.0,0.0,1,SBB,0.5,0.0,0.0,0.009351603959701292,97.93715612499588
23590,POWER MEP LLC,144.85,80,2,2,29,96.7187500015898,0.0,0.0,3,DSE,0.025,0.0,0.0,0.009341929886639533,97.94649805488253
271119,OKGO,144.0,195,3,3,3,100.0,0.0,0.0,1,FBN,0.015384615384615385,0.0,0.0,0.00928711013928956,97.95578516502181
359501,Arabiqo Trading LLC,143.22,54,3,4,13,99.99999999999999,0.0,0.0,1,Unmapped,0.05555555555555555,0.0,0.0,0.009236804959368407,97.96502196998118
551027,Weiqin,143.0,27,4,5,4,6.25,0.0,0.0,1,SBB,0.14814814814814814,0.0,0.0,0.009222616318877826,97.97424458630006
143917,guang zhou li yong guo ji ke ji you xian gong si,142.71,22,2,2,3,100.0,0.0,0.0,1,FBN,0.09090909090909091,0.0,0.0,0.009203913110958426,97.98344849941101
32020,SAA LLC,142.0,49,2,2,28,100.0,0.0,0.0,2,DSE,0.04081632653061224,0.0,0.0,0.009158122498466094,97.99260662190947
169399,Premify-UAE,140.92000000000002,123,3,3,30,99.99999999939025,0.0,0.0,1,FBN,0.024390243902439025,0.0,0.0,0.009088469172421424,98.0016950910819
414686,xinxiangshihongqiqupoxingbaihuodian,140.4,4,1,1,1,81.25,140.4,0.0,1,SBB,0.25,100.0,0.0,0.009054932385807322,98.01075002346771
302817,Omgy trading,140.0,65,4,4,1,100.0,0.0,0.0,1,FBN,0.06153846153846154,0.0,0.0,0.009029134857642628,98.01977915832535
69073,Pameer,139.94,36,3,6,7,98.95833333281251,0.0,0.0,1,FBN,0.08333333333333333,0.0,0.0,0.009025265228417925,98.02880442355377
562003,MAK Consultant FZE LLC,139.9,13,1,1,1,100.0,0.0,0.0,1,SBB,0.07692307692307693,0.0,0.0,0.009022685475601457,98.03782710902937
496853,Mengru,139.0,9,2,2,2,99.99999999999999,0.0,0.0,1,SBB,0.2222222222222222,0.0,0.0,0.008964641037230894,98.04679175006659
471763,dongguankunshaokejiyouxiangongsi,138.98,232,2,2,11,99.9999999997845,0.0,0.0,2,FBN,0.008620689655172414,0.0,0.0,0.00896335116082266,98.0557551012274
400944,Niutops LLC,138.34,99,3,3,217,99.87373737262075,0.0,0.0,1,DSE,0.030303030303030304,0.0,0.0,0.008922075115759152,98.06467717634317
291205,Globalex Trading DMCC,138.29,92,6,6,5,72.82608695809313,0.0,0.0,1,FBN,0.06521739130434782,0.0,0.0,0.008918850424738565,98.0735960267679
72007,Attachment,138.0,15,2,2,1,100.0,0.0,0.0,1,FBN,0.13333333333333333,0.0,0.0,0.008900147216819162,98.08249617398472
37059,YIJIA,138.0,37,2,2,12,97.97297297204163,0.0,0.0,3,FBN,0.05405405405405406,0.0,0.0,0.008900147216819162,98.09139632120154
35903,Joyelink,138.0,30,2,2,8,99.99999999999997,0.0,0.0,1,FBN,0.06666666666666667,0.0,0.0,0.008900147216819162,98.10029646841836
500118,xiaopan6,137.33,2,1,1,1,100.0,0.0,0.0,1,SBB,0.5,0.0,0.0,0.008856936357143302,98.10915340477551
55685,SAVING CART,137.0,53,2,3,8,99.99999999999999,0.0,0.0,4,DSE,0.03773584905660377,0.0,0.0,0.008835653396407428,98.11798905817191
480526,weiyufan,136.0,67,4,4,13,99.44029850656047,0.0,0.0,1,FBN,0.05970149253731343,0.0,0.0,0.008771159575995694,98.12676021774791
394681,Al Raied Sign,135.0,70,2,2,15,99.99999999910715,0.0,0.0,2,DSE,0.02857142857142857,0.0,0.0,0.008706665755583962,98.1354668835035
322915,Luxury Prime Household Trading LLC,135.0,65,3,3,26,99.99999999999996,0.0,0.0,3,DSE,0.046153846153846156,0.0,0.0,0.008706665755583962,98.14417354925908
482065,TrustMart UAE,134.99,1,1,1,1,100.0,0.0,0.0,1,SBB,1.0,0.0,0.0,0.008706020817379846,98.15287957007646
370208,zlanxuanlin,134.97,34,2,3,5,100.0,0.0,0.0,1,FBN,0.058823529411764705,0.0,0.0,0.00870473094097161,98.16158430101744
50000,Suster-Great,133.82,71,3,3,2,100.0,0.0,0.0,1,FBN,0.04225352112676056,0.0,0.0,0.008630563047498117,98.17021486406495
100621,OASISTRADEHUB,133.0,87,3,3,16,92.38505747025118,0.0,0.0,2,FBN,0.034482758620689655,0.0,0.0,0.008577678114760498,98.1787925421797
472899,Cistara International FZE,133.0,5,1,1,1,100.0,0.0,0.0,1,SBB,0.2,0.0,0.0,0.008577678114760498,98.18737022029447
74864,Unique,132.82,22,2,2,10,100.0,0.0,0.0,1,FBN,0.09090909090909091,0.0,0.0,0.008566069227086385,98.19593628952155
49196,FENGFENG DECOR,131.4,78,1,1,45,99.99999999999996,0.0,0.0,1,DSE,0.01282051282051282,0.0,0.0,0.008474488002101724,98.20441077752366
234923,Earrs International Beauty Trading LLC,130.9,286,2,2,13,94.62412587433359,0.0,35.0,3,FBN,0.006993006993006993,0.0,26.737967914438503,0.008442241091895859,98.21285301861556
292801,Buytory FZ-LLC,128.0,51,2,2,2,100.0,0.0,0.0,1,FBN,0.0392156862745098,0.0,0.0,0.008255209012701832,98.22110822762826
539286,Spark One - F.Z.E ,128.0,26,4,4,3,91.34615384493341,0.0,0.0,1,FBN,0.15384615384615385,0.0,0.0,0.008255209012701832,98.22936343664097
454165,foshanshibaoshijiatouzizixunyouxiangongsi,127.72000000000001,47,4,4,5,100.00000000000001,0.0,97.77000000000001,2,FBN,0.0851063829787234,0.0,76.55026620732853,0.008237150742986548,98.23760058738395
500139,xiaopan10,127.7,7,1,1,1,100.0,0.0,0.0,1,SBB,0.14285714285714285,0.0,0.0,0.008235860866578312,98.24583644825053
220903,qujingkaifaqukuangluobaihuodian,127.10000000000001,54,3,3,3,100.0,0.0,0.0,1,SBB,0.05555555555555555,0.0,0.0,0.008197164574331272,98.25403361282486
565700,Qianfei,127.0,0,1,1,1,6.25,0.0,0.0,1,SBB,0.0,0.0,0.0,0.008190715192290098,98.26222432801714
509907,Jieqian Trading,126.0,2,1,1,1,100.0,0.0,0.0,1,SBB,0.5,0.0,0.0,0.008126221371878366,98.27035054938902
189045,Choice Wireless Electronics LLC,125.35,22,1,1,3,99.99999999999999,0.0,0.0,1,FBN,0.045454545454545456,0.0,0.0,0.008084300388610738,98.27843484977764
167763,Yi Fan Shang mao ,125.0,401,1,1,10,71.399625936368,0.0,0.0,1,FBN,0.0024937655860349127,0.0,0.0,0.008061727551466632,98.2864965773291
163984,Trader FZE LLC,125.0,33,1,1,21,99.99999999999999,0.0,0.0,4,DSE,0.030303030303030304,0.0,0.0,0.008061727551466632,98.29455830488057
298647,Phoenix Mart General Trading (F.Z.E),124.99,7,1,1,1,100.0,0.0,0.0,1,SBB,0.14285714285714285,0.0,0.0,0.008061082613262514,98.30261938749383
18934,Tulipe,124.8,8,2,3,2,99.99999999999999,0.0,0.0,1,SBB,0.25,0.0,0.0,0.008048828787384285,98.31066821628121
139032,JLQEEN,124.47,39,5,5,2,95.51282051240962,0.0,0.0,2,FBN,0.1282051282051282,0.0,0.0,0.008027545826648413,98.31869576210786
137778,Kingye,124.0,17,1,2,3,100.00000000000001,0.0,0.0,1,FBN,0.058823529411764705,0.0,0.0,0.0079972337310549,98.32669299583893
34813,KUKH,123.9,15,4,4,3,100.00000000000001,0.0,24.9,1,FBN,0.26666666666666666,0.0,20.09685230024213,0.007990784349013727,98.33468378018794
447837,Lyaxm,123.0,31,5,5,2,99.99999999999999,0.0,24.5,1,FBN,0.16129032258064516,0.0,19.91869918699187,0.007932739910643166,98.34261652009859
509778,Dong Yunzhi,123.0,0,1,1,1,100.0,0.0,0.0,1,SBB,0.0,0.0,0.0,0.007932739910643166,98.35054926000923
328586,GuangzhouDalingShangmaoYouxiangongsi,121.39999999999999,38,3,3,2,100.0,0.0,0.0,1,FBN,0.07894736842105263,0.0,0.0,0.007829549797984394,98.35837880980722
451106,putianshichengxiangqumumianhuashangmaoyouxiangongsi,121.13,8,1,1,1,100.0,121.13,0.0,1,SBB,0.125,100.0,0.0,0.007812136466473225,98.36619094627369
509952,SuZhen,121.0,7,1,1,1,100.0,0.0,0.0,1,SBB,0.14285714285714285,0.0,0.0,0.007803752269819701,98.37399469854351
45453,SOUQ,120.2,24,2,2,8,99.99999999999999,0.0,0.0,4,FBN,0.08333333333333333,0.0,0.0,0.007752157213490314,98.381746855757
390232,BeijingHongzhikuajing E commerce Co Ltd,120.0,9,1,1,5,84.72222222816357,0.0,0.0,1,FBN,0.1111111111111111,0.0,0.0,0.007739258449407968,98.3894861142064
260234,SUKILO GENERAL TRADING,120.0,12,1,1,2,100.0,0.0,0.0,1,FBN,0.08333333333333333,0.0,0.0,0.007739258449407968,98.39722537265581
456596,RAIS GLOBAL LLC,120.0,54,2,2,1,50.0,0.0,0.0,1,SBB,0.037037037037037035,0.0,0.0,0.007739258449407968,98.40496463110522
113102,HM2A,119.85,24,3,3,2,99.99999999999999,0.0,0.0,1,FBN,0.125,0.0,0.0,0.007729584376346206,98.41269421548157
19594,IKBEN,119.7,33,5,6,1,100.00000000000001,0.0,0.0,1,FBN,0.15151515151515152,0.0,0.0,0.007719910303284447,98.42041412578484
162914,"Jinhua Wencan Ecommerce Co., Ltd.",119.7,37,2,3,3,100.0,0.0,0.0,1,FBN,0.05405405405405406,0.0,0.0,0.007719910303284447,98.42813403608812
25281,WEICON Middle EAST LLC,119.52000000000001,27,3,3,4,100.0,0.0,0.0,1,FBN,0.1111111111111111,0.0,0.0,0.007708301415610335,98.43584233750373
499668,xiaopan5,119.5,6,1,1,1,100.0,0.0,0.0,1,SBB,0.16666666666666666,0.0,0.0,0.0077070115392021,98.44354934904293
1365,Jashstore,118.80000000000001,165,5,7,40,92.34848485056912,43.2,0.0,5,DSE,0.030303030303030304,36.36363636363637,0.0,0.007661865864913888,98.45121121490784
310722,xinxiangshihongqiqufengmingshangmaoyouxiangongsi,117.8,6,2,2,1,99.99999999999999,0.0,0.0,1,FBN,0.3333333333333333,0.0,0.0,0.0075973720445021535,98.45880858695234
366878,guangzhoujixingdianshangyouxiangongsi,117.0,29,3,3,3,97.4137931031213,0.0,0.0,1,FBN,0.10344827586206896,0.0,0.0,0.007545776988172768,98.46635436394051
136860,ALDEN INTERNATIONAL TRADING CO. LLC,117.0,34,2,2,2,99.99999999999999,0.0,0.0,1,SBB,0.058823529411764705,0.0,0.0,0.007545776988172768,98.47390014092868
35019,ZeeSquare,116.97999999999999,65,2,2,5,99.9999999953846,0.0,0.0,1,DSE,0.03076923076923077,0.0,0.0,0.007544487111764532,98.48144462804044
411620,Kuadao,116.26,3,2,2,1,100.0,64.17,0.0,1,SBB,0.6666666666666666,55.1952520213315,0.0,0.007498051561068085,98.48894267960151
469024,Dianxin,116.0,75,6,6,6,6.249999999999998,0.0,0.0,1,SBB,0.08,0.0,0.0,0.007481283167761035,98.49642396276927
472066,dongguanmeifangkejiyouxiangongsi,116.0,19,2,2,7,94.40789473412397,0.0,0.0,1,FBN,0.10526315789473684,0.0,0.0,0.007481283167761035,98.50390524593703
137420,Elite Shine Trading LLC,115.84,50,1,1,5,100.00000000000001,0.0,0.0,1,FBN,0.02,0.0,0.0,0.007470964156495157,98.51137621009353
383430,Jihong Hub,115.0,20,2,2,8,91.250000000875,0.0,0.0,1,FBN,0.1,0.0,0.0,0.007416789347349302,98.51879299944088
41155,ZZavve,115.0,57,3,3,3,100.0,0.0,0.0,1,FBN,0.05263157894736842,0.0,0.0,0.007416789347349302,98.52620978878822
308206,guang zhou hui tu mao yi you xian gong si,115.0,4,1,1,1,6.25,115.0,0.0,1,SBB,0.25,100.0,0.0,0.007416789347349302,98.53362657813557
27103,Dreamons Link LLC,115.0,48,5,6,5,100.00000000000001,15.0,0.0,1,FBN,0.10416666666666667,13.043478260869565,0.0,0.007416789347349302,98.54104336748291
30432,H-SQUARE,115.0,16,2,3,21,97.65625000205077,0.0,0.0,9,DSE,0.125,0.0,0.0,0.007416789347349302,98.54846015683026
285465,foshanshizhongweimaoyiyouxiangongsi,114.8,33,2,3,6,100.00000000000001,0.0,0.0,1,FBN,0.06060606060606061,0.0,0.0,0.0074038905832669545,98.55586404741352
363984,qutong,114.0,59,3,3,15,94.49152542488508,0.0,0.0,1,FBN,0.05084745762711865,0.0,0.0,0.007352295526937569,98.56321634294046
89516,EnvoMart,114.0,58,3,3,2,100.00000000000001,0.0,0.0,1,FBN,0.05172413793103448,0.0,0.0,0.007352295526937569,98.5705686384674
457632,lizong,112.6,1,1,1,1,81.25,0.0,0.0,1,SBB,1.0,0.0,0.0,0.0072620041783611426,98.57783064264576
68514,LA' PRECIOUS,112.0,132,3,4,2,100.00000000000001,0.0,0.0,1,FBN,0.022727272727272728,0.0,0.0,0.007223307886114103,98.58505395053187
20703,Lavish,111.99000000000001,64,5,5,7,100.0,0.0,0.0,1,FBN,0.078125,0.0,0.0,0.007222662947909986,98.59227661347978
308188,dongyingfahede,111.94,62,3,3,31,96.4717741937419,0.0,0.0,1,FBN,0.04838709677419355,0.0,0.0,0.0072194382568893985,98.59949605173666
94294,niaco,111.38,31,3,3,4,100.0,0.0,0.0,1,FBN,0.0967741935483871,0.0,0.0,0.007183321717458828,98.60667937345413
500145,weihui,111.3,7,1,1,1,100.0,0.0,0.0,1,SBB,0.14285714285714285,0.0,0.0,0.007178162211825889,98.61385753566596
543207,alikongjian,111.0,51,3,4,3,100.00000000000001,0.0,0.0,3,SBB,0.058823529411764705,0.0,0.0,0.00715881406570237,98.62101634973166
398521,ME Mart,110.0,11,2,3,6,96.590909091219,0.0,74.0,1,FBN,0.18181818181818182,0.0,67.27272727272727,0.007094320245290637,98.62811066997695
356301,Al Shiraa Trading LLC,110.0,3,1,1,1,100.00000000000001,0.0,0.0,1,DSE,0.3333333333333333,0.0,0.0,0.007094320245290637,98.63520499022223
406577,xinxiangshihongqiquyunyinbaihuoshangdian,109.9,9,1,1,1,100.0,0.0,0.0,1,FBN,0.1111111111111111,0.0,0.0,0.007087870863249464,98.64229286108548
552038,PUTIAN CHENGXIANG QU CUIJINGGE BAIHUO SHANGHANG,109.75,6,1,1,1,100.0,0.0,0.0,1,SBB,0.16666666666666666,0.0,0.0,0.007078196790187703,98.64937105787567
12964,C store,109.0,5,1,1,1,100.0,0.0,0.0,1,DSE,0.2,0.0,0.0,0.007029826424878904,98.65640088430055
553517,leipeng,108.75,1,1,1,1,62.5,108.75,0.0,1,SBB,1.0,100.0,0.0,0.00701370296977597,98.66341458727032
349535,taibailikeji(foshan)youxiangongsi,108.0,9,1,1,4,99.99999999999999,0.0,0.0,1,FBN,0.1111111111111111,0.0,0.0,0.006965332604467171,98.67037991987479
273686,chaseupfze,108.0,15,2,2,2,100.00000000000001,0.0,0.0,1,FBN,0.13333333333333333,0.0,0.0,0.006965332604467171,98.67734525247926
169252,shanghai sanyitao dianzishangwu  youxiangongsi,108.0,2,1,1,1,68.75,0.0,0.0,1,FBN,0.5,0.0,0.0,0.006965332604467171,98.68431058508372
155539,WanXinDa,107.64,4,1,3,2,100.00000000000001,0.0,0.0,1,FBN,0.25,0.0,0.0,0.006942114829118946,98.69125269991284
140352,Congfeng,107.5,28,1,2,3,100.00000000000001,0.0,0.0,1,FBN,0.03571428571428571,0.0,0.0,0.006933085694261303,98.6981857856071
61540,Junyu,107.0,241,3,3,2,100.00000000000003,0.0,0.0,1,FBN,0.012448132780082987,0.0,0.0,0.006900838784055438,98.70508662439114
465493,yuxi,106.78999999999999,39,2,3,4,94.55128205047664,0.0,0.0,1,FBN,0.05128205128205128,0.0,0.0,0.006887295081768973,98.71197391947291
45240,ZERIFAM,106.05,11,2,2,21,79.54545458414252,0.0,0.0,2,FBN,0.18181818181818182,0.0,0.0,0.006839569654664292,98.71881348912757
464771,Hui Huang,105.9,42,3,3,9,100.00000000000001,0.0,0.0,1,FBN,0.07142857142857142,0.0,0.0,0.006829895581602532,98.72564338470917
467316,Ya Song,105.0,3,2,3,4,99.99999995833333,0.0,0.0,1,FBN,0.6666666666666666,0.0,0.0,0.006771851143231972,98.7324152358524
69461,SHOUKAT ALI TRADING LLC,105.0,23,4,6,5,99.99999999999999,0.0,0.0,3,DSE,0.17391304347826086,0.0,0.0,0.006771851143231972,98.73918708699563
421172,Nova Shop,105.0,61,1,1,26,99.99999999999999,105.0,0.0,15,Retail,0.01639344262295082,100.0,0.0,0.006771851143231972,98.74595893813886
467022,yiwushihuanchidianzishangwuyouxiangongsi,104.4,19,2,2,3,100.0,0.0,0.0,3,FBN,0.10526315789473684,0.0,0.0,0.006733154850984932,98.75269209298985
177743,Shangzhan,103.9,45,2,2,2,56.249999998888896,0.0,0.0,1,FBN,0.044444444444444446,0.0,0.0,0.006700907940779066,98.75939300093063
250538,hunanxiangjiangxinqumeisiluobaihuoshanghang,102.46,32,2,2,3,99.99999999999997,0.0,0.0,1,FBN,0.0625,0.0,0.0,0.0066080368393861685,98.76600103777001
75219,Tamimu-KSA,102.0,29,2,2,6,99.99999999999997,0.0,0.0,2,FBN,0.06896551724137931,0.0,0.0,0.006578369681996772,98.77257940745201
44269,Yosmac,101.7,17,3,3,3,91.1764705864187,33.9,0.0,1,FBN,0.17647058823529413,33.33333333333333,0.0,0.006559021535873252,98.77913842898789
148348,zhejiangjinhuashijuzhoukuajingdianzishangwuyouxianzerengongsi,101.5,22,2,2,10,99.99999999999996,0.0,0.0,1,FBN,0.09090909090909091,0.0,0.0,0.006546122771790905,98.78568455175969
435417,MY SUKOON,101.5,36,8,9,2,100.0,0.0,0.0,1,FBN,0.2222222222222222,0.0,0.0,0.006546122771790905,98.79223067453148
161143,Morning Glory Textile Trading LLC,100.43,6,2,3,2,85.41666665694446,46.45,0.0,1,SBB,0.3333333333333333,46.25112018321219,0.0,0.006477114383950352,98.79870778891544
71582,Deals Direct,100.0,0,1,2,1,50.0,100.0,0.0,1,SBB,0.0,100.0,0.0,0.006449382041173306,98.8051571709566
153852,Digital Commerce FZE,100.0,21,1,1,5,66.66666667886903,0.0,0.0,2,DSE,0.047619047619047616,0.0,0.0,0.006449382041173306,98.81160655299777
199333,Quaffzest,100.0,121,1,1,4,100.00000000000001,0.0,0.0,1,FBN,0.008264462809917356,0.0,0.0,0.006449382041173306,98.81805593503894
496051,Al Barr Store FZE LLC,100.0,36,2,3,2,86.80555555596067,35.0,0.0,1,FBN,0.05555555555555555,35.0,0.0,0.006449382041173306,98.82450531708011
853,E-trends,99.98,22,1,2,7,99.99999999999996,0.0,0.0,1,FBN,0.045454545454545456,0.0,0.0,0.006448092164765071,98.83095340924487
335460,shenzhenshikalefukejiyouxiangongsi,99.84,13,2,3,4,99.99999999999999,0.0,0.0,1,FBN,0.15384615384615385,0.0,0.0,0.006439063029907428,98.83739247227477
428554,Guangzhoushiyilimaoyiyouxiangongsi,99.05999999999999,84,2,3,4,100.0,0.0,0.0,1,FBN,0.023809523809523808,0.0,0.0,0.006388757849986277,98.84378123012476
410960,DGYZ,99.0,47,1,1,8,100.00000000000003,0.0,0.0,1,FBN,0.02127659574468085,0.0,0.0,0.006384888220761573,98.85016611834553
263657,MOON FASHION,99.0,15,1,1,1,100.00000000000001,0.0,0.0,1,FBN,0.06666666666666667,0.0,0.0,0.006384888220761573,98.85655100656629
354456,INMA HOTELS OUTFIT LLC,99.0,2,1,1,1,100.0,99.0,0.0,1,SBB,0.5,100.0,0.0,0.006384888220761573,98.86293589478706
871,Clikon,99.0,24,1,1,24,98.95833332630204,99.0,0.0,1,DSE,0.041666666666666664,100.0,0.0,0.006384888220761573,98.86932078300782
526607,dongguanshinanchengbanshebaihuodian,98.78,15,1,1,6,97.4999999995,0.0,0.0,1,FBN,0.06666666666666667,0.0,0.0,0.006370699580270992,98.8756914825881
344396,guangzhouhongguitouzifazhanyouxiangongsi,98.0,110,2,3,4,99.99999999999999,0.0,0.0,1,FBN,0.01818181818181818,0.0,0.0,0.00632039440034984,98.88201187698844
280093,Super Deals,98.0,44,2,2,4,93.7500000002841,0.0,0.0,1,DSE,0.045454545454545456,0.0,0.0,0.00632039440034984,98.88833227138879
551373,Yunchi,98.0,91,12,21,9,11.46978021940134,0.0,0.0,1,SBB,0.13186813186813187,0.0,0.0,0.00632039440034984,98.89465266578914
536706,"Huanggang City, Huangzhou District, Su Moyao Household Goods Store",98.0,1,1,1,1,6.25,0.0,0.0,1,SBB,1.0,0.0,0.0,0.00632039440034984,98.90097306018949
325419,foshanjingchuanggongyinglianyouxiangongsi,97.9,49,3,3,5,100.00000000000001,0.0,0.0,1,FBN,0.061224489795918366,0.0,0.0,0.006313945018308667,98.90728700520779
442368,Cocoblu Global,97.0,72,1,1,6,99.99999999999997,0.0,0.0,3,Retail,0.013888888888888888,0.0,0.0,0.006255900579938107,98.91354290578774
339243,ruijing,96.74000000000001,14,3,3,5,100.0,0.0,38.66,1,FBN,0.21428571428571427,0.0,39.96278685135414,0.006239132186631056,98.91978203797437
183952,Meizi,95.75,31,3,3,16,99.99999999374997,0.0,0.0,2,FBN,0.0967741935483871,0.0,0.0,0.00617528330442344,98.9259573212788
323259,The Artful Blend,94.73,61,3,3,2,100.00000000000001,0.0,29.99,1,FBN,0.04918032786885246,0.0,31.658397550934232,0.006109499607603474,98.9320668208864
315802,HULUNM,94.21000000000001,94,2,2,19,99.99999999999999,52.9,0.0,1,FBN,0.02127659574468085,56.15115168241162,0.0,0.006075962820989372,98.93814278370739
328599,SOBEE,93.56,16,4,4,1,100.0,23.99,0.0,1,FBN,0.25,25.641299700726805,0.0,0.006034041837721745,98.94417682554511
214729,The Redwood,92.5,14,3,3,3,100.00000000000001,0.0,0.0,1,DSE,0.21428571428571427,0.0,0.0,0.005965678388085307,98.9501425039332
18111,Captain World,92.05000000000001,118,4,4,19,99.31144067378631,0.0,0.0,3,FBN,0.03389830508474576,0.0,0.0,0.005936656168900029,98.95607916010209
39226,Ammarshop-uae,92.0,17,2,2,3,28.308823535250866,0.0,0.0,2,SBB,0.11764705882352941,0.0,0.0,0.005933431477879441,98.96201259157998
57729,SUNSAR,91.9,21,2,2,6,99.99999999999999,0.0,0.0,1,FBN,0.09523809523809523,0.0,0.0,0.005926982095838269,98.96793957367582
125109,guangzhouyemagongmaoyouxiangongsi,91.3,97,2,2,9,100.0,0.0,0.0,1,FBN,0.020618556701030927,0.0,0.0,0.005888285803591228,98.97382785947941
556354,Huanggang City Huangzhou District Su Pengmei Daily Necessities Hall (sole proprietorship),91.0,4,1,1,1,6.25,0.0,0.0,1,SBB,0.25,0.0,0.0,0.005868937657467708,98.97969679713688
426980,Yabis！,90.03999999999999,21,2,2,4,99.99999999999999,0.0,0.0,3,FBN,0.09523809523809523,0.0,0.0,0.005807023589872444,98.98550382072675
40733,Global Cozy Life,90.0,11,1,5,2,100.0,0.0,0.0,1,FBN,0.09090909090909091,0.0,0.0,0.005804443837055975,98.9913082645638
278618,inobanexi,89.95,16,1,1,4,100.0,0.0,0.0,2,FBN,0.0625,0.0,0.0,0.0058012191460353885,98.99710948370983
102868,xinxiangshi hongqiqu geluomi shangmao youxiangongsi,89.9,7,1,1,2,100.0,0.0,0.0,1,FBN,0.14285714285714285,0.0,0.0,0.005797994455014803,99.00290747816484
326126,guangzhouhengfengshuzikejiyouxiangongsi,89.9,4,1,1,2,100.00000000000001,0.0,0.0,1,FBN,0.25,0.0,0.0,0.005797994455014803,99.00870547261985
75703,Tool Station,89.88,19,1,1,1,100.00000000000001,0.0,0.0,1,DSE,0.05263157894736842,0.0,0.0,0.005796704578606567,99.01450217719845
139126,foshanshousefushiyouxiangongsi,89.71,8,2,2,3,100.0,45.76,0.0,1,FBN,0.25,51.00880615316018,0.0,0.005785740629136572,99.02028791782759
212722,FOXTRAIL TRADING FZE,89.6,204,1,2,92,95.34313725494641,0.0,0.0,3,Unmapped,0.004901960784313725,0.0,0.0,0.005778646308891282,99.02606656413649
26116,Real Deals,89.0,14,1,1,1,100.00000000000001,0.0,0.0,1,FBN,0.07142857142857142,0.0,0.0,0.005739950016644242,99.03180651415313
16847,wopow,89.0,30,1,1,15,99.99999999375,0.0,0.0,1,DSE,0.03333333333333333,0.0,0.0,0.005739950016644242,99.03754646416978
104675,MUFAN,89.0,9,1,1,2,100.0,0.0,0.0,1,FBN,0.1111111111111111,0.0,0.0,0.005739950016644242,99.04328641418643
35391,ACEWOOD,89.0,3,1,1,2,45.83333336041666,0.0,0.0,1,FBN,0.3333333333333333,0.0,0.0,0.005739950016644242,99.04902636420307
479497,yongsheng5,88.99,4,1,1,1,100.0,0.0,0.0,1,SBB,0.25,0.0,0.0,0.005739305078440124,99.05476566928151
509291,shiyu,88.69,4,1,1,1,100.0,88.69,0.0,1,SBB,0.25,100.0,0.0,0.005719956932316605,99.06048562621382
509950,charge,88.0,8,1,1,1,100.0,0.0,0.0,1,SBB,0.125,0.0,0.0,0.005675456196232509,99.06616108241005
55712,Tidy Home,88.0,14,2,2,1,100.00000000000001,0.0,0.0,1,FBN,0.14285714285714285,0.0,0.0,0.005675456196232509,99.07183653860628
498749,xiaopan3,87.97,1,1,1,1,100.0,87.97,0.0,1,SBB,1.0,100.0,0.0,0.005673521381620157,99.0775100599879
118944,shenzhendazhaokejiyouxiangongsi,87.72,60,3,3,8,99.68749999945312,0.0,23.92,1,FBN,0.05,0.0,27.268581851345193,0.005657397926517224,99.08316745791441
143494,ZHQSTORESD,87.0,32,3,3,4,99.99999999999999,0.0,0.0,2,FBN,0.09375,0.0,0.0,0.005610962375820776,99.08877842029024
71680,ACECOAT,86.7,56,3,3,4,92.18749999986049,0.0,0.0,1,FBN,0.05357142857142857,0.0,0.0,0.005591614229697256,99.09437003451994
114631,foshanzhihuidianzishangwuyouxiangongsi,86.4,24,2,2,3,99.99999999999999,0.0,0.0,1,FBN,0.08333333333333333,0.0,0.0,0.005572266083573737,99.09994230060352
552479,Al naaz online store FZE,86.1,1473,1,1,1,100.0,0.0,0.0,1,SBB,0.0006788866259334691,0.0,0.0,0.005552917937450216,99.10549521854097
30307,SNH Packing,86.02,44,2,2,11,84.94318180962033,0.0,0.0,1,FBN,0.045454545454545456,0.0,0.0,0.005547758431817278,99.11104297697278
69215,MAS Gen Tr llc,86.0,142,2,2,11,100.00000000000003,0.0,0.0,3,FBN,0.014084507042253521,0.0,0.0,0.005546468555409043,99.11658944552819
486947,AJMERI GLOBAL FZE ,86.0,50,2,2,1,100.00000000000001,0.0,0.0,1,FBN,0.04,0.0,0.0,0.005546468555409043,99.1221359140836
509885,Zhiqiang,86.0,1,1,1,1,100.0,0.0,0.0,1,SBB,1.0,0.0,0.0,0.005546468555409043,99.12768238263901
19886,BORDERPIX,85.46,14,1,1,9,93.74999999375004,0.0,0.0,1,DSE,0.07142857142857142,0.0,0.0,0.0055116418923867065,99.13319402453139
496844,Lowie ,85.03,1,1,1,1,100.0,0.0,0.0,1,SBB,1.0,0.0,0.0,0.005483909549609662,99.138677934081
296617,jiangmenchengtaodianzishangwu Ltd,85.02,52,2,2,13,86.53846154189168,0.0,0.0,1,FBN,0.038461538461538464,0.0,0.0,0.005483264611405545,99.1441611986924
432347,changshahailegoudianzishangwultd,85.0,48,3,3,2,50.781249999837236,0.0,0.0,1,FBN,0.0625,0.0,0.0,0.00548197473499731,99.14964317342739
36990,Fun à table,85.0,1,2,2,2,99.99999999999999,85.0,0.0,1,SBB,2.0,100.0,0.0,0.00548197473499731,99.15512514816238
394428,lixixi,84.64,41,2,2,3,100.0,0.0,0.0,1,FBN,0.04878048780487805,0.0,0.0,0.005458756959649086,99.16058390512204
370227,mieliaoguangzhoudianzishangwuyouxiangongsi,84.0,37,2,3,1,100.00000000000001,0.0,28.0,1,FBN,0.05405405405405406,0.0,33.33333333333333,0.005417480914585576,99.16600138603663
509914,Yaling,84.0,3,1,1,1,100.0,0.0,0.0,1,SBB,0.3333333333333333,0.0,0.0,0.005417480914585576,99.17141886695121
164657,HZ-Noon,83.97,34,3,3,4,99.99999999999999,0.0,0.0,1,FBN,0.08823529411764706,0.0,0.0,0.005415546099973225,99.17683441305118
451123,Spark and Shop 24 N 7 FZE LLC,83.8,67,2,2,2,100.0,0.0,0.0,1,FBN,0.029850746268656716,0.0,0.0,0.00540458215050323,99.18223899520169
317905,2823008213@qq.com,82.9,32,2,2,7,94.53125000161135,0.0,0.0,1,FBN,0.0625,0.0,0.0,0.005346537712132671,99.18758553291381
505,Line of Purpose,80.5,59,5,5,2,90.1483050846111,0.0,0.0,2,FBN,0.0847457627118644,0.0,0.0,0.005191752543144511,99.19277728545696
484786,xujin,80.0,14,2,2,5,98.21428571364798,0.0,0.0,1,FBN,0.14285714285714285,0.0,0.0,0.005159505632938644,99.19793679108989
16768,Yosoo,80.0,21,1,1,14,100.00000000000003,0.0,0.0,1,DSE,0.047619047619047616,0.0,0.0,0.005159505632938644,99.20309629672282
136799,ziz general trading - sole proprietorship l.l.c,79.98,69,2,2,2,100.0,0.0,0.0,1,SBB,0.028985507246376812,0.0,0.0,0.00515821575653041,99.20825451247934
327334,"Xinxiangshihongqiqufensexinjianmaoyi Co., Ltd.",79.9,3,1,1,1,100.0,0.0,0.0,1,SBB,0.3333333333333333,0.0,0.0,0.005153056250897472,99.21340756873025
398570,hhr,79.8,7,1,2,5,100.0,0.0,0.0,1,FBN,0.14285714285714285,0.0,0.0,0.005146606868856298,99.21855417559911
321316,Zefzon,79.44,55,2,2,2,54.20454545556612,0.0,0.0,1,FBN,0.03636363636363636,0.0,0.0,0.005123389093508074,99.22367756469262
324457,ganzhoukaituozhedianzishangwuyouxiangongsi,79.2,4,1,1,3,99.999999975,0.0,0.0,2,FBN,0.25,0.0,0.0,0.005107910576609258,99.22878547526923
313659,CBAY FZC,79.14,50,6,6,1,100.0,13.19,0.0,1,FBN,0.12,16.666666666666664,0.0,0.005104040947384554,99.23388951621662
474936,IQRA B General Trading FZE LLC,79.0,13,1,1,1,100.0,0.0,0.0,1,SBB,0.07692307692307693,0.0,0.0,0.005095011812526911,99.23898452802915
536217,Huiming E-commerce Center,79.0,2,1,1,2,99.99999999999999,0.0,0.0,1,FBN,0.5,0.0,0.0,0.005095011812526911,99.24407953984168
10512,SAM BOX,79.0,86,1,1,150,99.99999999869186,0.0,0.0,1,DSE,0.011627906976744186,0.0,0.0,0.005095011812526911,99.2491745516542
508767,Grandeur Ventures  International Company Limited ,79.0,12,1,1,2,100.0,0.0,0.0,1,FBN,0.08333333333333333,0.0,0.0,0.005095011812526911,99.25426956346674
242783,Pearl Coast International,79.0,2,1,1,1,100.0,0.0,0.0,1,SBB,0.5,0.0,0.0,0.005095011812526911,99.25936457527926
509684,dongguanshihumenminglushangmaojingyingbu,78.96,207,1,1,18,99.66787439552236,0.0,0.0,1,FBN,0.004830917874396135,0.0,0.0,0.005092432059710442,99.26445700733898
506931,yiwushijianfenghuwaiyongpinyouxiangongsi,78.0,27,2,2,1,99.99999999999999,39.0,0.0,1,FBN,0.07407407407407407,50.0,0.0,0.005030517992115178,99.26948752533109
468049,yixin,77.8,75,2,2,1,100.0,0.0,0.0,1,FBN,0.02666666666666667,0.0,0.0,0.005017619228032832,99.27450514455911
437934,"Wuhan Duli Technology Co., Ltd",76.68,2,1,1,1,100.0,0.0,0.0,1,SBB,0.5,0.0,0.0,0.004945386149171692,99.27945053070829
241744,guangzhouxinmaijinshengmaoyiyouxi angongsi,76.5,5,1,2,2,100.0,0.0,0.0,1,FBN,0.2,0.0,0.0,0.004933777261497579,99.28438430796979
59834,QUESERA,76.0,5,1,1,1,100.0,0.0,0.0,1,SBB,0.2,0.0,0.0,0.004901530351291712,99.28928583832108
228093,XXH,76.0,15,2,2,2,100.00000000000001,0.0,0.0,1,FBN,0.13333333333333333,0.0,0.0,0.004901530351291712,99.29418736867237
27379,somow,76.0,22,2,2,35,99.99999999999996,0.0,0.0,4,DSE,0.09090909090909091,0.0,0.0,0.004901530351291712,99.29908889902366
509936,Miaomiao,76.0,1,1,1,1,100.0,0.0,0.0,1,SBB,1.0,0.0,0.0,0.004901530351291712,99.30399042937495
281,Qessential,76.0,69,2,2,25,99.4565217384294,0.0,0.0,5,DSE,0.028985507246376812,0.0,0.0,0.004901530351291712,99.30889195972624
46439,BIGGBRANDS MEA,75.6,81,3,3,10,98.76543209657063,0.0,0.0,4,Unmapped,0.037037037037037035,0.0,0.0,0.004875732823127019,99.31376769254936
17286,ASHWIL,75.46000000000001,213,4,4,90,98.23943662054819,0.0,0.0,11,DSE,0.018779342723004695,0.0,0.0,0.004866703688269377,99.31863439623763
372351,Abdul Rasheed,75.0,9,1,1,1,75.0,75.0,0.0,1,SBB,0.1111111111111111,100.0,0.0,0.004837036530879979,99.32347143276851
41694,liligoo,75.0,5,3,3,5,62.499999996250004,0.0,0.0,1,SBB,0.6,0.0,0.0,0.004837036530879979,99.3283084692994
59874,BuyAgain UAE,74.4,59,1,1,47,97.4576271177571,0.0,0.0,6,FBN,0.01694915254237288,0.0,0.0,0.00479834023863294,99.33310680953804
509840,Ru Jie,74.0,1,1,1,1,100.0,0.0,0.0,1,SBB,1.0,0.0,0.0,0.004772542710468246,99.3378793522485
513016,MaShengli,74.0,1,1,1,1,100.0,0.0,0.0,1,SBB,1.0,0.0,0.0,0.004772542710468246,99.34265189495898
38164,Modern home,72.89,21,3,3,5,100.00000000000001,0.0,0.0,2,DSE,0.14285714285714285,0.0,0.0,0.004700954569811223,99.34735284952879
352951,Jasim ,72.47,25,3,3,1,100.0,0.0,0.0,1,SBB,0.12,0.0,0.0,0.004673867165238294,99.35202671669403
58746,HALA PACK,72.45,1,1,1,1,100.0,0.0,0.0,1,SBB,1.0,0.0,0.0,0.00467257728883006,99.35669929398286
74528,ZUBAIRI PACKAGING,71.8,17,2,2,1,100.0,0.0,0.0,1,FBN,0.11764705882352941,0.0,0.0,0.004630656305562433,99.36132995028842
500689,"Muyi Shfie (zhongshan) Media \echnology Co., Ltd",71.77,38,1,1,1,100.00000000000001,0.0,0.0,1,FBN,0.02631578947368421,0.0,0.0,0.0046287214909500815,99.36595867177937
510162,dongguanshishunhengyikejiyouxiangongsi,71.67,35,2,2,7,99.99999999999996,0.0,0.0,1,FBN,0.05714285714285714,0.0,0.0,0.004622272108908909,99.37058094388827
401192,Apparel LLC,71.36,14,1,1,1,100.00000000000001,0.0,0.0,1,FBN,0.07142857142857142,0.0,0.0,0.004602279024581271,99.37518322291285
37789,KNP STORE,71.28,59,1,2,86,99.99999999999999,0.0,0.0,3,DSE,0.01694915254237288,0.0,0.0,0.004597119518948332,99.3797803424318
115995,JUNHENG,71.0,28,2,2,5,100.00000000000001,39.0,0.0,2,FBN,0.07142857142857142,54.929577464788736,0.0,0.004579061249233047,99.38435940368103
537915,shangwenqing,71.0,0,1,1,1,6.25,0.0,0.0,1,SBB,0.0,0.0,0.0,0.004579061249233047,99.38893846493026
496094,Junxiong Cheng Department Store,70.0,46,2,2,1,100.0,0.0,0.0,1,SBB,0.043478260869565216,0.0,0.0,0.004514567428821314,99.39345303235909
480769,APEXGOODS GENERAL TRADING L.L.C-FZ,69.99,29,1,1,2,99.99999999999999,0.0,0.0,1,FBN,0.034482758620689655,0.0,0.0,0.004513922490617196,99.39796695484971
363641,shenzhenshiyingyaokejiyouxiangongsi,69.98,34,1,2,1,100.00000000000001,0.0,0.0,1,FBN,0.029411764705882353,0.0,0.0,0.004513277552413079,99.40248023240213
413408,Suneke,69.9,6,1,1,19,100.0,0.0,0.0,1,FBN,0.16666666666666666,0.0,0.0,0.004508118046780142,99.40698835044891
482830,dong guan shi mu xiu fu shi Co Ltd,69.35,37,2,2,9,72.80405405583909,0.0,0.0,1,FBN,0.05405405405405406,0.0,0.0,0.004472646445553687,99.41146099689446
462215,djx_1035@163.com,69.0,2,1,1,1,43.75,0.0,0.0,1,FBN,0.5,0.0,0.0,0.004450073608409581,99.41591107050287
55673,THE EQUIP STORE,68.99,4,1,1,7,100.0,0.0,0.0,1,FBN,0.25,0.0,0.0,0.004449428670205463,99.42036049917307
101351,BYShop,68.83,127,1,1,7,73.6220472461932,0.0,0.0,1,FBN,0.007874015748031496,0.0,0.0,0.004439109658939586,99.42479960883202
71158,DEPENDS,68.22,84,2,2,8,100.00000000000001,0.0,41.35,1,FBN,0.023809523809523808,0.0,60.61272354148344,0.004399768428488429,99.4291993772605
305925,fanjinxing,68.0,205,2,2,8,100.00000000000006,0.0,0.0,1,FBN,0.00975609756097561,0.0,0.0,0.004385579787997847,99.4335849570485
538483,Veltrixa,68.0,75,1,2,1,6.25,0.0,0.0,1,SBB,0.013333333333333334,0.0,0.0,0.004385579787997847,99.43797053683649
496880,Yunzheng,68.0,5,1,1,1,100.0,0.0,68.0,1,SBB,0.2,0.0,100.0,0.004385579787997847,99.44235611662448
419963,FLYZEO FZC LLC,68.0,14,1,1,1,100.00000000000001,0.0,0.0,1,FBN,0.07142857142857142,0.0,0.0,0.004385579787997847,99.44674169641247
439898,CUISINEX - FZCO,67.99,31,1,1,5,99.99999999999999,0.0,0.0,1,FBN,0.03225806451612903,0.0,0.0,0.00438493484979373,99.45112663126227
202461,HAJI SHOP,67.53,121,1,1,7,72.0041322315245,0.0,0.0,1,FBN,0.008264462809917356,0.0,0.0,0.004355267692404334,99.45548189895467
446377,yiwushiluqidianzishangwuyouxiangongsi,66.9,25,3,7,1,99.99999999999999,0.0,0.0,1,FBN,0.12,0.0,0.0,0.004314636585544942,99.45979653554022
434344,shenzhenshiqiyuehulianyouxiangongsi,66.0,2,1,1,1,6.25,0.0,0.0,1,SBB,0.5,0.0,0.0,0.004256592147174382,99.4640531276874
86511,jhs,65.89,41,3,3,3,84.75609755978586,0.0,17.95,1,FBN,0.07317073170731707,0.0,27.242373653058127,0.004249497826929092,99.46830262551433
263641,Taizz Ventures LLC,65.0,22,1,1,9,99.14772727302427,0.0,65.0,1,FBN,0.045454545454545456,0.0,100.0,0.004192098326762649,99.4724947238411
123636,guang zhou hui guang mao yi you xian gong si,65.0,10,1,1,1,6.25,0.0,0.0,1,SBB,0.1,0.0,0.0,0.004192098326762649,99.47668682216786
239492,Amn Tech,65.0,4,1,1,1,56.25,0.0,0.0,1,FBN,0.25,0.0,0.0,0.004192098326762649,99.48087892049463
321589,GENIUS MARBLR TR LLC SP,65.0,9,1,1,3,100.00000000000001,0.0,0.0,2,FBN,0.1111111111111111,0.0,0.0,0.004192098326762649,99.4850710188214
82799,homies ,65.0,26,1,1,19,99.99999999999996,0.0,0.0,3,DSE,0.038461538461538464,0.0,0.0,0.004192098326762649,99.48926311714817
28642,dream deals,65.0,9,1,1,10,100.0,0.0,0.0,3,DSE,0.1111111111111111,0.0,0.0,0.004192098326762649,99.49345521547494
235447,MURSHIDABAD STORE,65.0,20,1,1,1,25.0,0.0,0.0,1,FBN,0.05,0.0,0.0,0.004192098326762649,99.4976473138017
138381,Tomsun Trading - F.Z.E,64.99,84,1,1,22,99.99999999903277,0.0,0.0,1,DSE,0.011904761904761904,0.0,0.0,0.004191453388558531,99.50183876719026
520521,DIGITARATHNA INTEGRATED SOLUTIONS FZC LLC,64.95,2,1,5,1,100.0,0.0,0.0,1,FBN,0.5,0.0,0.0,0.004188873635742062,99.506027640826
10413,Deals For Less,64.26,49,2,4,2,100.0,0.0,16.15,1,FBN,0.04081632653061224,0.0,25.13227513227513,0.0041443728996579665,99.51017201372566
558895,Falvorr,64.0,2,2,2,2,6.25,0.0,0.0,1,SBB,1.0,0.0,0.0,0.004127604506350916,99.51429961823202
144348,Marhaba  Trading FZE,62.0,9,1,1,1,81.25,0.0,0.0,1,SBB,0.1111111111111111,0.0,0.0,0.00399861686552745,99.51829823509755
172356,Quality Home,61.41,2,1,1,1,100.0,0.0,0.0,1,SBB,0.5,0.0,0.0,0.003960565511484527,99.52225880060904
481688,HONG KONG TIANBO TECHNOLOGY CO LIMITED,60.0,14,1,1,5,100.00000000000001,0.0,0.0,1,FBN,0.07142857142857142,0.0,0.0,0.003869629224703984,99.52612842983375
37296,Kiddies Kingdom,60.0,24,2,2,1,100.0,0.0,0.0,1,SBB,0.08333333333333333,0.0,0.0,0.003869629224703984,99.52999805905846
398318,AiTech Synergy Innovations LLC,60.0,13,2,2,2,98.55769230754439,0.0,30.0,1,FBN,0.15384615384615385,0.0,50.0,0.003869629224703984,99.53386768828317
62000,Future Mart,59.99,8,1,1,1,100.0,0.0,59.99,1,SBB,0.125,0.0,100.0,0.003868984286499866,99.53773667256966
268717,Baguio,59.99,14,1,1,22,86.60714287468112,0.0,0.0,2,FBN,0.07142857142857142,0.0,0.0,0.003868984286499866,99.54160565685616
220412,Merbees,59.98,47,2,2,2,100.00000000000001,0.0,29.99,1,FBN,0.0425531914893617,0.0,50.0,0.0038683393482957487,99.54547399620446
70902,OneLine,59.95,35,1,1,1,100.0,0.0,0.0,1,FBN,0.02857142857142857,0.0,0.0,0.0038664045336833973,99.54934040073815
224384,beijingleyunkejiyouxiangongsi,59.8,15,2,2,2,100.00000000000001,0.0,0.0,1,FBN,0.13333333333333333,0.0,0.0,0.003856730460621637,99.55319713119877
150976,BOON,59.0,4,1,1,2,100.00000000000001,0.0,0.0,1,FBN,0.25,0.0,0.0,0.0038051354042922506,99.55700226660306
350817,YiwushiSaifeirejiajuyongpinyouxiangongsi,59.0,16,2,2,2,100.00000000000001,0.0,0.0,1,FBN,0.125,0.0,0.0,0.0038051354042922506,99.56080740200736
55415,SMART LIFE PLUS,59.0,10,1,1,1,100.0,0.0,0.0,1,SBB,0.1,0.0,0.0,0.0038051354042922506,99.56461253741165
220525,99 FOR GENERAL TRADING,59.0,6,1,1,1,100.0,0.0,0.0,1,SBB,0.16666666666666666,0.0,0.0,0.0038051354042922506,99.56841767281594
513523,Reelay_NNAA,57.4,49,2,2,10,75.12755102495055,0.0,28.7,2,FBN,0.04081632653061224,0.0,50.0,0.0037019452916334772,99.57211961810758
476876,Zenstoo,57.0,13,1,1,1,100.0,0.0,0.0,1,SBB,0.07692307692307693,0.0,0.0,0.0036761477634687846,99.57579576587105
531628,Ayni Traders,57.0,15,1,3,1,100.0,0.0,0.0,1,FBN,0.06666666666666667,0.0,0.0,0.0036761477634687846,99.57947191363452
489024,Inzay global,56.99,13,1,1,1,37.5,0.0,56.99,1,FBN,0.07692307692307693,0.0,100.0,0.003675502825264667,99.58314741645978
540902,jishi,56.31,1,1,1,1,100.0,0.0,0.0,1,SBB,1.0,0.0,0.0,0.0036316470273846887,99.58677906348717
210207,XinSen,56.0,37,2,2,9,99.99999999999999,0.0,0.0,1,FBN,0.05405405405405406,0.0,0.0,0.0036116539430570515,99.59039071743022
154695,ZYjoybeauty,55.9,12,1,2,4,62.50000001249999,0.0,0.0,1,FBN,0.08333333333333333,0.0,0.0,0.0036052045610158777,99.59399592199124
465847,Happy Day International,55.0,8,1,1,1,68.75,55.0,0.0,1,SBB,0.125,100.0,0.0,0.0035471601226453185,99.59754308211389
11695,MissTiara,55.0,16,1,1,1,100.0,0.0,0.0,1,FBN,0.0625,0.0,0.0,0.0035471601226453185,99.60109024223654
69409,Sokron,55.0,9,1,1,3,99.99999999999999,0.0,0.0,2,FBN,0.1111111111111111,0.0,0.0,0.0035471601226453185,99.60463740235919
541193,Discounted small items,55.0,1,1,1,1,6.25,0.0,0.0,1,SBB,1.0,0.0,0.0,0.0035471601226453185,99.60818456248184
199354,ALGHAFA PICNIC ACCESSORIESS,55.0,4,1,1,1,100.0,0.0,0.0,1,SBB,0.25,0.0,0.0,0.0035471601226453185,99.61173172260449
250695,Bisbell,54.99,33,1,1,19,100.0,0.0,0.0,1,DSE,0.030303030303030304,0.0,0.0,0.003546515184441201,99.61527823778893
73639,55555 Store,54.78,41,1,1,7,99.39024390141284,0.0,0.0,1,FBN,0.024390243902439025,0.0,0.0,0.0035329714821547373,99.61881120927109
254530,"Shenzhen Huanwei Technology Co., Ltd",54.0,23,2,2,2,60.86956521923441,0.0,32.0,1,FBN,0.08695652173913043,0.0,59.25925925925925,0.0034826663022335855,99.62229387557332
480265,Spark Bridge Trading ,53.0,4,1,1,1,100.0,0.0,0.0,1,SBB,0.25,0.0,0.0,0.0034181724818218525,99.62571204805514
38386,ROAISS OFFICIAL STORE,52.8,5,1,1,1,100.0,0.0,0.0,1,FBN,0.2,0.0,0.0,0.0034052737177395053,99.62911732177288
457334,ASPIRE STORE,52.18,14,1,1,10,79.91071430197704,0.0,0.0,5,DSE,0.07142857142857142,0.0,0.0,0.0033652875490842306,99.63248260932197
326118,Guangzhoulingshanxinxikejiyouxiangongsi,52.0,216,1,1,6,47.01967592694577,0.0,0.0,1,FBN,0.004629629629629629,0.0,0.0,0.003353678661410119,99.63583628798338
45921,simona,51.75,16,1,1,3,100.00000000000003,0.0,0.0,1,FBN,0.0625,0.0,0.0,0.0033375552063071856,99.63917384318968
532093,shenzhenshihanlianyuewangluokejiyouxiangongsi,51.0,6,2,2,2,6.249999999999999,0.0,26.0,1,SBB,0.3333333333333333,0.0,50.98039215686274,0.003289184840998386,99.64246302803068
535948,YUYU,51.0,4,1,1,1,6.25,0.0,0.0,1,SBB,0.25,0.0,0.0,0.003289184840998386,99.64575221287167
537532,Department store discount store,51.0,0,1,1,1,6.25,0.0,0.0,1,SBB,0.0,0.0,0.0,0.003289184840998386,99.64904139771267
448882,Tawassul Enterprise,51.0,31,3,3,1,100.0,0.0,0.0,1,FBN,0.0967741935483871,0.0,0.0,0.003289184840998386,99.65233058255366
557127,Mosuo Department Store,50.0,1,1,1,1,6.25,0.0,0.0,1,SBB,1.0,0.0,0.0,0.003224691020586653,99.65555527357425
422964,NeoEdge Capital LLC-FZ,50.0,14,2,2,1,100.0,0.0,0.0,1,FBN,0.14285714285714285,0.0,0.0,0.003224691020586653,99.65877996459484
553904,ZDKJ-02,50.0,16,1,1,1,6.25,0.0,0.0,1,SBB,0.0625,0.0,0.0,0.003224691020586653,99.66200465561543
142145,BPCP Trading LLC,49.99,5,1,1,4,100.0,0.0,0.0,2,DSE,0.2,0.0,0.0,0.0032240460823825356,99.66522870169781
557532,Wei hua Dian,49.98,498,1,1,3,100.00000000000001,0.0,0.0,1,FBN,0.002008032128514056,0.0,0.0,0.003223401144178418,99.668452102842
49556,sailosAE,49.9,8,1,1,1,99.99999999999999,0.0,0.0,1,FBN,0.125,0.0,0.0,0.0032182416385454792,99.67167034448055
405347,lovenocnoc@163.com,49.9,13,1,1,2,100.0,0.0,0.0,1,FBN,0.07692307692307693,0.0,0.0,0.0032182416385454792,99.6748885861191
223316,Beijing YingRuiHongJin ShangMaoYouXianGongSi,49.89,37,2,2,5,100.00000000000001,0.0,0.0,1,FBN,0.05405405405405406,0.0,0.0,0.0032175967003413627,99.67810618281943
506422,chengxuejiaju,49.0,6,2,2,2,6.25,0.0,0.0,1,SBB,0.3333333333333333,0.0,0.0,0.00316019720017492,99.68126638001961
439745,yichengxiaojiedianzishangwugongzuoshi,49.0,5,1,1,1,6.25,0.0,0.0,1,SBB,0.2,0.0,0.0,0.00316019720017492,99.68442657721978
407102,maomaoguai,49.0,15,1,1,5,92.5,0.0,0.0,1,FBN,0.06666666666666667,0.0,0.0,0.00316019720017492,99.68758677441996
76889,LanTeJun-SA,49.0,191,1,1,15,91.75392670186332,0.0,0.0,1,FBN,0.005235602094240838,0.0,0.0,0.00316019720017492,99.69074697162013
189748,ASIMAHOME,49.0,56,1,1,2,100.00000000000001,0.0,0.0,1,FBN,0.017857142857142856,0.0,0.0,0.00316019720017492,99.6939071688203
298035,PANVIL ELECTRONICS CO. L.L.C,49.0,24,1,1,7,100.00000000000003,0.0,0.0,3,FBN,0.041666666666666664,0.0,0.0,0.00316019720017492,99.69706736602048
60856,Max Global,49.0,73,1,1,5,95.89041095929583,0.0,0.0,1,FBN,0.0136986301369863,0.0,0.0,0.00316019720017492,99.70022756322065
40543,nicecly,49.0,4,2,2,3,6.250000015625001,0.0,0.0,1,SBB,0.5,0.0,0.0,0.00316019720017492,99.70338776042082
509957,MeiZhen,49.0,2,1,1,1,100.0,0.0,0.0,1,SBB,0.5,0.0,0.0,0.00316019720017492,99.706547957621
421725,SOUK AL MUBARAK HYPERMARKET /L.L.C,48.95,38,1,1,17,99.99999999506579,0.0,0.0,12,DSE,0.02631578947368421,0.0,0.0,0.0031569725091543334,99.70970493013016
123639,guang zhou hui meng mao yi you xian gong si,48.0,4,1,1,3,26.5625,0.0,0.0,1,FBN,0.25,0.0,0.0,0.003095703379763187,99.71280063350991
73883,Smooth Technology,48.0,21,2,2,2,99.99999999999999,0.0,0.0,1,FBN,0.09523809523809523,0.0,0.0,0.003095703379763187,99.71589633688967
36480,MissTiara Specialty Store,48.0,28,1,1,3,100.00000000000001,0.0,0.0,1,FBN,0.03571428571428571,0.0,0.0,0.003095703379763187,99.71899204026943
311855,shangqiushisuiyangquyerongbaihuoshanghanggetigongshanghu,47.2,14,1,1,2,100.0,0.0,0.0,2,FBN,0.07142857142857142,0.0,0.0,0.003044108323433801,99.72203614859286
110930,jiaweinuo,46.39,48,1,1,2,100.0,0.0,0.0,1,FBN,0.020833333333333332,0.0,0.0,0.0029918683289002963,99.72502801692177
531990,shenzhenshixiaoyumaoyiyouxiangongsi,46.0,4,2,2,2,6.25,0.0,0.0,1,SBB,0.5,0.0,0.0,0.0029667157389397206,99.7279947326607
471212,Velvet Box,46.0,1,1,1,1,87.5,46.0,0.0,1,SBB,1.0,100.0,0.0,0.0029667157389397206,99.73096144839964
318735,Jiangmenhuanqudianzishangwuyouxiangongsi,46.0,22,2,2,2,100.00000000000001,0.0,0.0,1,FBN,0.09090909090909091,0.0,0.0,0.0029667157389397206,99.73392816413858
177319,Shen Zhen Shi Li Yun Mao Yi You Xian Gong Si,45.98,53,2,2,3,98.34905660372463,0.0,0.0,1,FBN,0.03773584905660377,0.0,0.0,0.0029654258625314857,99.7368935900011
47130,KepGreen,45.95,16,1,1,1,100.00000000000001,0.0,0.0,1,FBN,0.0625,0.0,0.0,0.0029634910479191343,99.73985708104902
43053,YHC,45.9,6,1,1,2,99.99999999999999,0.0,0.0,1,FBN,0.16666666666666666,0.0,0.0,0.002960266356898547,99.74281734740592
304673,guangzhouyulunmaoyiyouxiangongsi,45.2,90,1,1,2,99.99999999999997,0.0,0.0,1,FBN,0.011111111111111112,0.0,0.0,0.0029151206826103344,99.74573246808853
17183,NU-SENSE,45.0,5,2,2,3,100.00000000000001,0.0,0.0,3,SBB,0.4,0.0,0.0,0.0029022219185279876,99.74863469000707
517060,muguo,45.0,1,1,1,1,100.0,0.0,0.0,1,SBB,1.0,0.0,0.0,0.0029022219185279876,99.7515369119256
205962,Mudassar Ali Goods Wholesalers LLC,45.0,18,1,1,1,100.0,0.0,45.0,1,SBB,0.05555555555555555,0.0,100.0,0.0029022219185279876,99.75443913384413
11080,MAISHOP,45.0,15,1,1,11,100.0,0.0,0.0,1,FBN,0.06666666666666667,0.0,0.0,0.0029022219185279876,99.75734135576266
461584,Cheng,45.0,25,4,5,6,99.99999999999999,0.0,18.0,1,FBN,0.16,0.0,40.0,0.0029022219185279876,99.7602435776812
361809,YOUYUE,45.0,38,1,1,3,87.3355263149801,0.0,0.0,1,FBN,0.02631578947368421,0.0,0.0,0.0029022219185279876,99.76314579959973
562947,Wang Zhiqiang,45.0,2,1,1,1,6.25,0.0,0.0,1,SBB,0.5,0.0,0.0,0.0029022219185279876,99.76604802151826
296303,AEZ Enterprises - FZCO,44.9,32,1,1,1,100.00000000000001,0.0,0.0,1,FBN,0.03125,0.0,0.0,0.002895772536486814,99.76894379405475
372354,xinxiangshihongqiqulantaogemaoyiyouxiangongsi,44.9,11,1,1,2,99.99999999999999,0.0,0.0,1,FBN,0.09090909090909091,0.0,0.0,0.002895772536486814,99.77183956659124
571202,haozhige,44.0,5,1,1,1,6.25,0.0,0.0,1,SBB,0.2,0.0,0.0,0.0028377280981162546,99.77467729468935
411708,xinxiangshihongqiqushiqubaihuodian,43.82,2,1,1,1,100.0,0.0,0.0,1,FBN,0.5,0.0,0.0,0.0028261192104421426,99.7775034138998
407544,suosilaishenzhenkejiyouxiangongsi,43.74,10,1,1,2,100.0,43.74,0.0,1,FBN,0.1,100.0,0.0,0.002820959704809204,99.7803243736046
160500,ECVV MIDDLE EAST ECOMMERCE FZE,43.65,38,1,1,6,81.57894736655123,0.0,0.0,1,FBN,0.02631578947368421,0.0,0.0,0.002815155260972148,99.78313952886558
453806,Roma Star General Trading LLC ,42.95,22,1,1,1,99.99999999999999,0.0,0.0,1,DSE,0.045454545454545456,0.0,0.0,0.0027700095866839353,99.78590953845226
440434,guangzhouxinglingkuajingdianshangyouxiangongsi,42.0,13,1,1,1,100.0,0.0,0.0,1,FBN,0.07692307692307693,0.0,0.0,0.002708740457292788,99.78861827890955
67490,Lucklysoon,42.0,4,1,1,2,75.00000000625,0.0,0.0,1,FBN,0.25,0.0,0.0,0.002708740457292788,99.79132701936685
422723,zhengzhoushizhengdongxinqupangfenglinbaihuoshanghang,41.9,0,1,1,1,100.0,0.0,0.0,1,FBN,0.0,0.0,0.0,0.002702291075251615,99.7940293104421
433880,Arman Pack,41.0,1,1,1,1,68.75,41.0,0.0,1,SBB,1.0,100.0,0.0,0.002644246636881055,99.79667355707898
569554,Company  S&R Global ECommerce F.Z.C,41.0,4,1,1,1,100.0,0.0,0.0,1,SBB,0.25,0.0,0.0,0.002644246636881055,99.79931780371585
751,Shopglobal247,40.0,5,1,1,1,75.0,0.0,0.0,1,SBB,0.2,0.0,0.0,0.002579752816469322,99.80189755653232
394452,Ozak LLC,39.99,9,1,1,2,90.9722222220679,0.0,0.0,1,FBN,0.1111111111111111,0.0,0.0,0.002579107878265205,99.80447666441059
457297,SouqAura,39.99,77,1,1,3,93.1818181812869,0.0,0.0,1,FBN,0.012987012987012988,0.0,0.0,0.002579107878265205,99.80705577228885
457675,Wadi Trading,39.99,45,1,1,5,99.99999999999999,0.0,0.0,4,FBN,0.022222222222222223,0.0,0.0,0.002579107878265205,99.80963488016711
28886,We Supply,39.98,17,2,2,1,100.0,0.0,0.0,1,FBN,0.11764705882352941,0.0,0.0,0.0025784629400610877,99.81221334310717
85859,Valihome,39.95,64,1,1,6,95.21484374835204,0.0,0.0,2,FBN,0.015625,0.0,0.0,0.002576528125448736,99.81478987123262
190786,Byme,39.93,15,1,1,3,100.0,0.0,0.0,2,FBN,0.06666666666666667,0.0,0.0,0.002575238249040501,99.81736510948166
379920,Yixin Qiu,39.9,31,1,1,2,99.99999999999999,0.0,0.0,1,FBN,0.03225806451612903,0.0,0.0,0.002573303434428149,99.81993841291609
40754,Joojoy,39.9,7,2,2,1,100.0,0.0,0.0,1,FBN,0.2857142857142857,0.0,0.0,0.002573303434428149,99.82251171635052
388382,SeanPP,39.9,20,1,1,10,99.99999999875,0.0,0.0,1,FBN,0.05,0.0,0.0,0.002573303434428149,99.82508501978495
48742,Shenzhen MeiLuoDi Trading Company Ltd,39.61,4,1,1,1,87.49999999999999,0.0,0.0,1,FBN,0.25,0.0,0.0,0.0025546002265087464,99.82763962001145
115203,xqq_selection,39.0,4,1,1,1,100.0,0.0,0.0,1,FBN,0.25,0.0,0.0,0.002515258996057589,99.83015487900751
470313,gulfcart,39.0,1,1,1,1,100.0,0.0,0.0,1,SBB,1.0,0.0,0.0,0.002515258996057589,99.83267013800356
42346,Store4Us,38.989999999999995,24,2,2,3,99.99999999999999,0.0,19.0,1,FBN,0.08333333333333333,0.0,48.73044370351373,0.0025146140578534717,99.83518475206142
267351,ChenGong,38.0,8,1,1,3,99.99999999999999,0.0,0.0,1,FBN,0.125,0.0,0.0,0.002450765175645856,99.83763551723708
411543,YinJie,38.0,19,1,1,11,100.0,0.0,0.0,1,FBN,0.05263157894736842,0.0,0.0,0.002450765175645856,99.84008628241273
111494,AL AMIRI GENERAL TRADING CO LLC,38.0,2,1,1,1,68.75,38.0,0.0,1,SBB,0.5,100.0,0.0,0.002450765175645856,99.84253704758838
507157,al arkan grocery,37.0,5,1,1,2,100.00000000000001,0.0,0.0,1,DSE,0.2,0.0,0.0,0.002386271355234123,99.84492331894361
466960,kangli,37.0,7,1,1,5,99.99999999999999,0.0,0.0,1,FBN,0.14285714285714285,0.0,0.0,0.002386271355234123,99.84730959029885
223886,Kidoh Inspiration,36.94,13,1,1,1,25.0,0.0,0.0,1,FBN,0.07692307692307693,0.0,0.0,0.002382401726009419,99.84969199202486
318737,kuamaoda,36.8,25,1,1,2,72.50000000205002,0.0,0.0,1,FBN,0.04,0.0,0.0,0.0023733725911517763,99.85206536461601
484320,dong guan shi long yu chang xing shang mao Co Ltd,36.77,27,1,1,8,99.30555555522118,0.0,0.0,1,FBN,0.037037037037037035,0.0,0.0,0.0023714377765394245,99.85443680239256
445618,guangzhoushiliwanquyangfanyuyeguanshangyudian,36.66,13,1,1,2,100.00000000000003,0.0,0.0,1,FBN,0.07692307692307693,0.0,0.0,0.0023643434562941336,99.85680114584885
29741,MyHappyDeals,36.06,2,2,2,4,100.0,0.0,0.0,1,FBN,1.0,0.0,0.0,0.002325647164047094,99.85912679301289
154396,Shenzhenshi Jingtian  kuajingdianshang youxian zeren  gongsi,36.0,11,1,1,4,100.00000000000001,0.0,0.0,1,FBN,0.09090909090909091,0.0,0.0,0.00232177753482239,99.86144857054771
307263,NOONER,35.89,11,1,1,11,99.99999998636363,0.0,0.0,1,FBN,0.09090909090909091,0.0,0.0,0.0023146832145770997,99.86376325376229
59721,Next Generation Mart,35.8,18,1,1,17,100.00000000000001,0.0,0.0,1,DSE,0.05555555555555555,0.0,0.0,0.0023088787707400433,99.86607213253302
23950,The Cleaning Superstore,35.73,53,1,1,63,100.00000000000001,0.0,0.0,5,DSE,0.018867924528301886,0.0,0.0,0.002304364203311222,99.86837649673633
86942,PYC,35.0,14,1,1,2,100.0,0.0,35.0,1,FBN,0.07142857142857142,0.0,100.0,0.002257283714410657,99.87063378045075
439443,Kuber Industries,35.0,62,2,2,13,88.60887096781184,15.0,0.0,1,Retail,0.03225806451612903,42.857142857142854,0.0,0.002257283714410657,99.87289106416516
26011,RIGHT BUY DISTRIBUTORS GENERAL TRADING L.L.C,35.0,2,1,1,6,87.5,0.0,0.0,1,FBN,0.5,0.0,0.0,0.002257283714410657,99.87514834787957
203272,chocolate mountain factory,35.0,9,1,1,1,93.75,35.0,0.0,1,SBB,0.1111111111111111,100.0,0.0,0.002257283714410657,99.87740563159399
252439,A2Z Warehouse LLC,35.0,3,1,1,1,100.00000000000001,0.0,0.0,1,FBN,0.3333333333333333,0.0,0.0,0.002257283714410657,99.8796629153084
145449,On Mart hypermarket LLC,34.5,18,1,2,26,100.00000000000003,0.0,0.0,4,DSE,0.05555555555555555,0.0,0.0,0.0022250368042047905,99.8818879521126
314413,NYVIO FZC LLC,34.0,18,1,1,3,100.0,0.0,0.0,2,FBN,0.05555555555555555,0.0,0.0,0.0021927898939989236,99.8840807420066
110344,DEFENG-AE,34.0,10,1,1,4,81.25000000625,0.0,0.0,1,FBN,0.1,0.0,0.0,0.0021927898939989236,99.8862735319006
310177,yuanxinxi,33.9,85,1,1,3,99.99999999999999,0.0,0.0,1,FBN,0.011764705882352941,0.0,0.0,0.0021863405119577507,99.88845987241255
129277,XENONCO LLC,33.5,10,1,1,1,25.0,0.0,0.0,1,FBN,0.1,0.0,0.0,0.002160542983793057,99.89062041539634
264110,shanghaifengmangkejiyouxiangongsi,33.15,6,1,1,6,99.99999999999999,0.0,0.0,1,FBN,0.16666666666666666,0.0,0.0,0.0021379701466489507,99.89275838554299
43928,The Silk Road,33.0,10,1,1,9,99.99999999999997,0.0,0.0,5,FBN,0.1,0.0,0.0,0.002128296073587191,99.89488668161658
33031,Vcart,33.0,66,1,1,63,99.99999999999996,0.0,0.0,5,DSE,0.015151515151515152,0.0,0.0,0.002128296073587191,99.89701497769018
547667,"Shenzhen Herunda Electronics Co., Ltd.",33.0,0,1,1,1,6.25,0.0,0.0,1,SBB,0.0,0.0,0.0,0.002128296073587191,99.89914327376377
531975,shenzhenshiyifengkejiyouxiangongsi,32.0,4,1,1,1,6.25,0.0,0.0,1,SBB,0.25,0.0,0.0,0.002063802253175458,99.90120707601695
49258,Mim Store,31.99,14,1,1,1,100.0,0.0,0.0,1,FBN,0.07142857142857142,0.0,0.0,0.0020631573149713406,99.90327023333191
102357,shenzhenshituojidianzishangwuyouxiangongsi,31.92,12,1,1,3,100.00000000000001,0.0,0.0,2,FBN,0.08333333333333333,0.0,0.0,0.0020586427475425195,99.90532887607945
427063,shijiazhuangshichaxiantongdianzishangwuyouxian zerengongsi,31.88,40,1,1,4,100.00000000000003,0.0,0.0,1,FBN,0.025,0.0,0.0,0.00205606299472605,99.90738493907418
227293,ssh,31.8,5,1,1,1,18.75,0.0,0.0,1,FBN,0.2,0.0,0.0,0.0020509034890931113,99.90943584256327
360748,ziyang,31.5,25,1,1,9,100.00000000000001,0.0,0.0,1,FBN,0.04,0.0,0.0,0.0020315553429695915,99.91146739790624
553530,yujingxidi,31.0,0,1,1,1,6.25,0.0,0.0,1,SBB,0.0,0.0,0.0,0.001999308432763725,99.913466706339
482663,Aurora Point,30.6,7,1,1,1,100.0,0.0,0.0,1,FBN,0.14285714285714285,0.0,0.0,0.0019735109045990315,99.9154402172436
207475,Arslan Noor General Trading FZE LLC,30.0,19,1,1,13,100.0,0.0,0.0,5,DSE,0.05263157894736842,0.0,0.0,0.001934814612351992,99.91737503185595
158428,Shenzhenshinengliangmangekejiyouxiangongsi,30.0,20,1,1,1,100.0,0.0,0.0,1,FBN,0.05,0.0,0.0,0.001934814612351992,99.91930984646831
60523,Smart Co,29.99,1,1,1,1,75.0,0.0,0.0,1,FBN,1.0,0.0,0.0,0.0019341696741478744,99.92124401614245
153083,xinjingguang(shenzhen)kejiyouxiangongsi,29.99,5,1,1,2,40.000000011,0.0,0.0,1,FBN,0.2,0.0,0.0,0.0019341696741478744,99.9231781858166
392510,Space system Smart,29.95,33,1,1,1,100.0,0.0,0.0,1,FBN,0.030303030303030304,0.0,0.0,0.0019315899213314049,99.92510977573792
373767,Jiangmenshi Qudedianzishangwuyouxiangongsi,29.94,6,1,1,14,99.99999993125,0.0,0.0,1,FBN,0.16666666666666666,0.0,0.0,0.0019309449831272879,99.92704072072105
45381,SOUQ,29.5,74,1,1,55,99.99999999999994,0.0,0.0,12,DSE,0.013513513513513514,0.0,0.0,0.0019025677021461253,99.9289432884232
110909,JNK Trading FZ-LLC,29.0,19,1,1,3,94.73684210550553,0.0,0.0,2,DSE,0.05263157894736842,0.0,0.0,0.0018703207919402588,99.93081360921514
240188,shenzhenxingxinkejiyouxiangongsi,28.0,39,1,1,6,100.0,0.0,0.0,1,FBN,0.02564102564102564,0.0,0.0,0.0018058269715285258,99.93261943618667
84971,MaoZiXing,28.0,21,1,1,2,99.99999999999999,0.0,0.0,2,FBN,0.047619047619047616,0.0,0.0,0.0018058269715285258,99.9344252631582
455315,taizhi,28.0,18,1,1,10,84.3750000078125,0.0,0.0,2,FBN,0.05555555555555555,0.0,0.0,0.0018058269715285258,99.93623109012974
44138,Coralblue LLC,27.0,3,1,1,1,37.5,0.0,0.0,1,FBN,0.3333333333333333,0.0,0.0,0.0017413331511167928,99.93797242328085
70366,mo zhou pai,26.0,27,1,1,19,100.00000000000001,0.0,0.0,1,FBN,0.037037037037037035,0.0,0.0,0.0016768393307050595,99.93964926261155
162205,handanshi baili maoyi youxiangongsi,25.0,5,1,1,4,99.99999999375001,0.0,0.0,1,FBN,0.2,0.0,0.0,0.0016123455102933265,99.94126160812185
474915,FlyCrate Global Trading ,25.0,25,1,1,27,97.24999996511998,0.0,0.0,5,FBN,0.04,0.0,0.0,0.0016123455102933265,99.94287395363214
534185,wuhanyaxindaxinxikejiyouxiangongsi,25.0,2,1,1,1,6.25,25.0,0.0,1,SBB,0.5,100.0,0.0,0.0016123455102933265,99.94448629914244
548166,"Wuhan Hongdongxin E-commerce Co., Ltd.",25.0,0,1,1,1,6.25,0.0,0.0,1,SBB,0.0,0.0,0.0,0.0016123455102933265,99.94609864465274
84891,N01-UAE,24.99,71,1,1,18,99.99999999999994,0.0,0.0,1,FBN,0.014084507042253521,0.0,0.0,0.001611700572089209,99.94771034522482
25713,Blue Coral,24.99,38,1,1,1,100.00000000000001,0.0,0.0,1,FBN,0.02631578947368421,0.0,0.0,0.001611700572089209,99.9493220457969
72100,lovotte store,24.79,5,1,1,2,100.0,0.0,0.0,2,FBN,0.2,0.0,0.0,0.0015988018080068625,99.9509208476049
394842,Junora,23.94,50,1,1,4,30.875000000654993,0.0,0.0,1,FBN,0.02,0.0,0.0,0.0015439820606568894,99.95246482966556
61683,Yolanda,23.4,22,1,1,1,99.99999999999999,0.0,0.0,1,FBN,0.045454545454545456,0.0,0.0,0.0015091553976345534,99.95397398506319
17272,Golden Tools,23.0,37,1,1,10,100.00000000000003,0.0,0.0,3,DSE,0.02702702702702703,0.0,0.0,0.0014833578694698603,99.95545734293266
35923,ALTHIQAH,23.0,4,1,1,1,100.0,0.0,0.0,1,SBB,0.25,0.0,0.0,0.0014833578694698603,99.95694070080214
16359,easylife,22.5,16,1,1,29,92.18749998046876,0.0,0.0,3,FBN,0.0625,0.0,0.0,0.0014511109592639938,99.9583918117614
10211,Sea Waves Stationery,22.38,31,1,1,12,94.35483871099764,0.0,0.0,2,FBN,0.03225806451612903,0.0,0.0,0.0014433717008145858,99.95983518346222
539725,Vivva,22.0,0,1,1,1,6.25,0.0,0.0,1,SBB,0.0,0.0,0.0,0.0014188640490581273,99.96125404751128
16053,KOKO STORE,21.03,72,1,1,8,99.99999999895829,0.0,0.0,2,FBN,0.013888888888888888,0.0,0.0,0.0013563050432587463,99.96261035255453
466704,FARHAT ALI AND SONS TRD FOR ONLINE SELLING,21.0,10,1,1,6,100.00000000000001,0.0,0.0,1,DSE,0.1,0.0,0.0,0.001354370228646394,99.96396472278317
204,Mansoor,20.0,26,1,1,29,99.9999999966346,0.0,0.0,6,DSE,0.038461538461538464,0.0,0.0,0.001289876408234661,99.96525459919141
470706,swid general trading llc,19.99,4,1,1,1,100.0,0.0,0.0,1,FBN,0.25,0.0,0.0,0.0012892314700305438,99.96654383066144
446548,Kaaf Ecommerce LLC,19.99,21,1,1,1,99.99999999999999,0.0,0.0,1,FBN,0.047619047619047616,0.0,0.0,0.0012892314700305438,99.96783306213146
165423,CleanWave ,19.99,11,1,1,6,100.00000000000001,0.0,0.0,1,FBN,0.09090909090909091,0.0,0.0,0.0012892314700305438,99.96912229360149
143878,Wolver Ravaj,19.98,18,1,1,1,100.00000000000001,0.0,0.0,1,FBN,0.05555555555555555,0.0,0.0,0.0012885865318264266,99.97041088013331
513314,Zuolaer,19.0,0,1,1,1,6.25,0.0,0.0,1,SBB,0.0,0.0,0.0,0.001225382587822928,99.97163626272113
190120,Ahmed Trading Est.,19.0,4,1,1,1,100.0,0.0,0.0,1,SBB,0.25,0.0,0.0,0.001225382587822928,99.97286164530895
45471,Neo Essentials Trading,19.0,26,1,1,6,99.99999999999997,0.0,0.0,1,DSE,0.038461538461538464,0.0,0.0,0.001225382587822928,99.97408702789677
531012,"Hefei Weinuojia International Trade Co., Ltd.",19.0,7,1,1,1,18.75,0.0,19.0,1,FBN,0.14285714285714285,0.0,100.0,0.001225382587822928,99.97531241048459
121668,Jeffrey ,18.97,10,1,1,2,99.99999999999999,0.0,0.0,1,FBN,0.1,0.0,0.0,0.001223447773210576,99.9765358582578
109887,LIJIE-AE,18.7,9,1,1,2,91.66666666666666,0.0,0.0,1,FBN,0.1111111111111111,0.0,0.0,0.001206034441699408,99.9777418926995
112131,Badar General Store ,17.99,9,1,1,1,99.99999999999999,0.0,0.0,1,FBN,0.1111111111111111,0.0,0.0,0.0011602438292070776,99.9789021365287
11284,electronicsshop,17.99,33,1,1,5,97.1590909068526,0.0,0.0,1,FBN,0.030303030303030304,0.0,0.0,0.0011602438292070776,99.98006238035791
183306,World's finest products,17.75,7,1,1,3,43.75000000714286,0.0,0.0,1,FBN,0.14285714285714285,0.0,0.0,0.0011447653123082618,99.98120714567021
40248,SIFA,17.38,2,1,1,1,93.75,0.0,0.0,1,FBN,0.5,0.0,0.0,0.0011209025987559205,99.98232804826897
73387,MZH STORE,17.0,7,1,1,1,100.0,0.0,0.0,1,FBN,0.14285714285714285,0.0,0.0,0.0010963949469994618,99.98342444321597
384401,FTM415,15.99,2,1,1,1,25.0,15.99,0.0,1,SBB,0.5,100.0,0.0,0.0010312561883836116,99.98445569940435
117310,medooli,15.58,33,1,1,2,100.00000000000003,0.0,0.0,2,FBN,0.030303030303030304,0.0,0.0,0.001004813722014801,99.98546051312637
79729,yaoyao,15.1,7,1,1,3,99.99999999999997,0.0,0.0,1,FBN,0.14285714285714285,0.0,0.0,0.0009738566882171692,99.98643436981459
18065,Ideas For Brands,15.0,10,1,1,5,100.0,0.0,0.0,1,FBN,0.1,0.0,0.0,0.000967407306175996,99.98740177712077
18337,infashion-store36,15.0,3,1,1,1,25.0,0.0,0.0,1,FBN,0.3333333333333333,0.0,0.0,0.000967407306175996,99.98836918442694
42893,BestOfDubai,15.0,20,1,1,1,100.0,0.0,0.0,1,FBN,0.05,0.0,0.0,0.000967407306175996,99.98933659173312
44176,yelohi,15.0,12,1,1,1,31.25,0.0,0.0,1,FBN,0.08333333333333333,0.0,0.0,0.000967407306175996,99.9903039990393
339185,"Shenzhen Huitong Qihua Technology Co., Ltd",14.9,12,1,1,1,100.0,0.0,0.0,1,FBN,0.08333333333333333,0.0,0.0,0.0009609579241348226,99.99126495696343
56486,FUTURE CITY BUILDING MATERIAL,12.0,10,1,1,3,100.0,0.0,0.0,1,FBN,0.1,0.0,0.0,0.0007739258449407968,99.99203888280837
16230,HADSUND MALL,12.0,33,1,1,4,100.00000000000001,0.0,0.0,2,FBN,0.030303030303030304,0.0,0.0,0.0007739258449407968,99.99281280865331
515904,AL AQEEQ TRADING LLC,12.0,8,1,1,1,100.0,12.0,0.0,1,SBB,0.125,100.0,0.0,0.0007739258449407968,99.99358673449825
9601,noon Bazaar,11.0,16,1,1,5,100.00000000000003,0.0,0.0,1,Retail,0.0625,0.0,0.0,0.0007094320245290636,99.99429616652279
470368,24-hk,10.99,9,1,1,1,87.5,10.99,0.0,1,SBB,0.1111111111111111,100.0,0.0,0.0007087870863249463,99.99500495360911
48230,TOP GROCER,10.95,16,1,1,3,100.00000000000001,0.0,0.0,2,FBN,0.0625,0.0,0.0,0.000706207333508477,99.99571116094262
546830,siranjiaju,10.0,17,1,1,1,6.25,0.0,0.0,1,SBB,0.058823529411764705,0.0,0.0,0.0006449382041173305,99.99635609914674
41592,FCG Store,10.0,3,1,1,2,100.0,0.0,0.0,1,FBN,0.3333333333333333,0.0,0.0,0.0006449382041173305,99.99700103735086
110420,SAWAI GENERAL TRADING CO. L.L.C,10.0,4,1,1,1,100.0,0.0,0.0,1,DSE,0.25,0.0,0.0,0.0006449382041173305,99.99764597555497
14158,Home Box,9.0,16,1,1,2,50.000000003125,9.0,0.0,1,FBN,0.0625,100.0,0.0,0.0005804443837055975,99.99822641993867
351194,Best Deal,9.0,3,1,1,1,100.0,0.0,0.0,1,SBB,0.3333333333333333,0.0,0.0,0.0005804443837055975,99.99880686432238
470668,Stationery,5.5,79,1,1,1,100.0,0.0,0.0,1,SBB,0.012658227848101266,0.0,0.0,0.0003547160122645318,99.99916158033464
551001,Chunxi,5.0,0,1,1,1,6.25,0.0,0.0,1,SBB,0.0,0.0,0.0,0.00032246910205866526,99.9994840494367
541722,Yiwu Shousa Trading,5.0,9,1,1,1,6.25,5.0,0.0,1,SBB,0.1111111111111111,100.0,0.0,0.00032246910205866526,99.99980651853876
541421,Yiwu Tinghe Trading,3.0,1,1,1,1,6.25,3.0,0.0,1,SBB,1.0,100.0,0.0,0.0001934814612351992,100.0
383518,Layandmimi,0.0,5,0,0,1,100.0,0.0,0.0,1,FBN,0.0,0.0,0.0,0.0,100.0
384034,changshakukezhenxuanshangmaoyouxiangongsi,0.0,2,0,0,1,100.0,0.0,0.0,1,FBN,0.0,0.0,0.0,0.0,100.0
384045,MHS-Traders,0.0,0,0,0,1,0.0,0.0,0.0,1,FBN,0.0,0.0,0.0,0.0,100.0
426754,Goolsky Store 2,0.0,0,0,0,1,100.0,0.0,0.0,1,FBN,0.0,0.0,0.0,0.0,100.0
20867,BestValueProducts,0.0,0,0,0,1,100.0,0.0,0.0,1,FBN,0.0,0.0,0.0,0.0,100.0
370160,WinCheer,0.0,18,0,0,6,100.0,0.0,0.0,1,FBN,0.0,0.0,0.0,0.0,100.0
125953,AFTERWORK™,0.0,6,0,0,4,100.0,0.0,0.0,1,DSE,0.0,0.0,0.0,0.0,100.0
426569,wuguanchuangyishejishenzhenyouxiangongsi,0.0,1,0,0,1,99.99999999999999,0.0,0.0,1,FBN,0.0,0.0,0.0,0.0,100.0
125228,UAE Account2024,0.0,1,0,0,1,99.99999999999999,0.0,0.0,1,FBN,0.0,0.0,0.0,0.0,100.0
114010,rt-czm,0.0,0,0,0,1,100.0,0.0,0.0,1,FBN,0.0,0.0,0.0,0.0,100.0
434564,"Shudaixiong Trading & Technology (Shenzhen) Co., Ltd.",0.0,1,0,0,2,99.99999999999997,0.0,0.0,1,FBN,0.0,0.0,0.0,0.0,100.0
46451,East Stars,0.0,4,0,0,1,100.0,0.0,0.0,1,FBN,0.0,0.0,0.0,0.0,100.0
20619,MTHALIA MIDDLE EAST GENERAL TRADING L.L.C,0.0,14,0,0,1,100.00000000000001,0.0,0.0,1,FBN,0.0,0.0,0.0,0.0,100.0
392934,jinjiangshixingmianmaoyiyouxiangongsi,0.0,1,0,0,1,99.99999999999999,0.0,0.0,1,FBN,0.0,0.0,0.0,0.0,100.0
392929,91350582MAENHYJ0XX,0.0,1,0,0,1,37.5,0.0,0.0,1,FBN,0.0,0.0,0.0,0.0,100.0
27159,YOUAE Store,0.0,1,0,0,2,99.99999999999999,0.0,0.0,1,FBN,0.0,0.0,0.0,0.0,100.0
26896,Hazelton,0.0,11,0,0,10,99.99999997272728,0.0,0.0,1,DSE,0.0,0.0,0.0,0.0,100.0
26720,"Ayra, an ethnic experience",0.0,1,0,0,2,100.0,0.0,0.0,1,FBN,0.0,0.0,0.0,0.0,100.0
427932,GuangzhouYaohuidianshangyouxianzerengongsi,0.0,0,0,0,1,100.0,0.0,0.0,1,FBN,0.0,0.0,0.0,0.0,100.0
26502,Fortune Technologies,0.0,7,0,0,6,99.99999999999999,0.0,0.0,1,FBN,0.0,0.0,0.0,0.0,100.0
387772,TRILOCHANA TRADING LLC,0.0,32,0,0,3,100.00000000000003,0.0,0.0,2,FBN,0.0,0.0,0.0,0.0,100.0
424886,huizhoushizhuoyijiajuyouxiangongsi,0.0,15,0,0,3,87.49999999999999,0.0,0.0,1,FBN,0.0,0.0,0.0,0.0,100.0
428191,Mohamed Sobhy,0.0,10,0,0,10,85.00000000187498,0.0,0.0,1,FBN,0.0,0.0,0.0,0.0,100.0
428619,Shopnex,0.0,36,0,0,5,98.61111110999228,0.0,0.0,1,FBN,0.0,0.0,0.0,0.0,100.0
430235,Mothaman FoodStuff Trading L.L.C,0.0,4,0,0,1,100.0,0.0,0.0,1,FBN,0.0,0.0,0.0,0.0,100.0
128913,Al Reesh Trading,0.0,5,0,0,7,100.00000000000001,0.0,0.0,1,DSE,0.0,0.0,0.0,0.0,100.0
127498,Auto family,0.0,1,0,0,1,99.99999999999999,0.0,0.0,1,FBN,0.0,0.0,0.0,0.0,100.0
45948,Share Love Co - FZCO,0.0,4,0,0,3,100.0,0.0,0.0,1,DSE,0.0,0.0,0.0,0.0,100.0
47338,AL GAZAL OFFICIAL STORE,0.0,20,0,0,14,99.99999998687501,0.0,0.0,1,DSE,0.0,0.0,0.0,0.0,100.0
127493,guangzhouyuemianmaoyiyouxiangongsi,0.0,0,0,0,1,18.75,0.0,0.0,1,FBN,0.0,0.0,0.0,0.0,100.0
387264,jiacai,0.0,54,0,0,2,100.00000000000001,0.0,0.0,1,FBN,0.0,0.0,0.0,0.0,100.0
372949,Interstella Trade,0.0,2,0,0,1,100.0,0.0,0.0,1,FBN,0.0,0.0,0.0,0.0,100.0
445728,Jinhongfa,0.0,2,0,0,3,99.99999999999997,0.0,0.0,1,FBN,0.0,0.0,0.0,0.0,100.0
114940,HONGXUN-AE,0.0,5,0,0,2,100.00000000000001,0.0,0.0,1,FBN,0.0,0.0,0.0,0.0,100.0
445758,henanbeilingzhubaoshejiyouxiangongsi,0.0,7,0,0,1,99.99999999999999,0.0,0.0,1,FBN,0.0,0.0,0.0,0.0,100.0
372454,Sarpi Garments Trading LLC,0.0,0,0,0,1,37.5,0.0,0.0,1,DSE,0.0,0.0,0.0,0.0,100.0
21789,Vintarr,0.0,5,0,0,2,100.00000000000001,0.0,0.0,2,FBN,0.0,0.0,0.0,0.0,100.0
114627,xianaikepaidianzishangwuyouxiangongsi,0.0,2,0,0,1,100.0,0.0,0.0,1,FBN,0.0,0.0,0.0,0.0,100.0
448063,DeHaven Store,0.0,1,0,0,1,99.99999999999999,0.0,0.0,1,FBN,0.0,0.0,0.0,0.0,100.0
379810,Lynacz Nexus Trading LLC,0.0,9,0,0,2,99.99999999999999,0.0,0.0,1,DSE,0.0,0.0,0.0,0.0,100.0
21705,Back to Nature Tableware,0.0,0,0,0,1,100.0,0.0,0.0,1,FBN,0.0,0.0,0.0,0.0,100.0
449142,Regium Craft,0.0,0,0,0,1,100.0,0.0,0.0,1,FBN,0.0,0.0,0.0,0.0,100.0
451818,Loiste Studio FZCO,0.0,0,0,0,1,100.0,0.0,0.0,1,FBN,0.0,0.0,0.0,0.0,100.0
449415,MVS Trade and Services FZC LLC,0.0,12,0,0,2,100.0,0.0,0.0,1,FBN,0.0,0.0,0.0,0.0,100.0
450059,MINI TREASURES,0.0,28,0,0,1,99.99999999999999,0.0,0.0,1,FBN,0.0,0.0,0.0,0.0,100.0
450323,beijingpuyuanguojimaoyiyouxianzerengongsi,0.0,1,0,0,1,99.99999999999999,0.0,0.0,1,FBN,0.0,0.0,0.0,0.0,100.0
450690,BLUEGOLD GLOBAL TRADING LIMITED,0.0,0,0,0,9,12.5,0.0,0.0,1,FBN,0.0,0.0,0.0,0.0,100.0
21572,Casablanca Hardware,0.0,4,0,0,3,100.0,0.0,0.0,2,DSE,0.0,0.0,0.0,0.0,100.0
448064,Capital Craft,0.0,7,0,0,4,100.0,0.0,0.0,3,FBN,0.0,0.0,0.0,0.0,100.0
21255,Habibuy Trading,0.0,21,0,0,29,99.99999999999999,0.0,0.0,1,FBN,0.0,0.0,0.0,0.0,100.0
124218,yiwushisongyandianzishangwuyouxiangongsi,0.0,0,0,0,1,100.0,0.0,0.0,1,FBN,0.0,0.0,0.0,0.0,100.0
371951,Safeer Khalid,0.0,0,0,0,1,100.0,0.0,0.0,1,FBN,0.0,0.0,0.0,0.0,100.0
123659,ZEGCHI,0.0,7,0,0,2,100.00000000000001,0.0,0.0,1,FBN,0.0,0.0,0.0,0.0,100.0
378291,xinxiangshihongqiquwandanlaishangmaoyouxianzerengongsi,0.0,3,0,0,1,100.00000000000001,0.0,0.0,1,FBN,0.0,0.0,0.0,0.0,100.0
440619,StoreStan,0.0,18,0,0,3,100.00000000000003,0.0,0.0,1,FBN,0.0,0.0,0.0,0.0,100.0
440749,zhejiangmeiwunengyuanyouxiangongsi,0.0,2,0,0,1,100.0,0.0,0.0,1,FBN,0.0,0.0,0.0,0.0,100.0
45665,jundida,0.0,1,0,0,1,99.99999999999999,0.0,0.0,1,FBN,0.0,0.0,0.0,0.0,100.0
445680,RuiXunNai,0.0,19,0,0,10,100.00000000000001,0.0,0.0,1,FBN,0.0,0.0,0.0,0.0,100.0
21376,VD Trading,0.0,3,0,0,7,100.00000000000003,0.0,0.0,1,DSE,0.0,0.0,0.0,0.0,100.0
373189,LLLV,0.0,1,0,0,2,100.00000000000001,0.0,0.0,1,FBN,0.0,0.0,0.0,0.0,100.0
452646,Landu,0.0,8,0,0,2,100.0,0.0,0.0,1,FBN,0.0,0.0,0.0,0.0,100.0
441913,Evolve Trade Ventures,0.0,0,0,0,1,100.0,0.0,0.0,1,FBN,0.0,0.0,0.0,0.0,100.0
441983,Double B Traders,0.0,1,0,0,2,43.750000112500004,0.0,0.0,1,FBN,0.0,0.0,0.0,0.0,100.0
443040,EASYSHOP ,0.0,1,0,0,6,99.99999999999993,0.0,0.0,1,FBN,0.0,0.0,0.0,0.0,100.0
444602,puningshihekaidianzishangwuyouxiangongsi,0.0,8,0,0,1,99.99999999999999,0.0,0.0,1,FBN,0.0,0.0,0.0,0.0,100.0
444637,shenzhenshijiruimaoyiyouxiangongsi,0.0,0,0,0,1,100.0,0.0,0.0,1,FBN,0.0,0.0,0.0,0.0,100.0
373888,foshanshishengshangkejiyouxiangongsi,0.0,0,0,0,2,70.83333333333333,0.0,0.0,1,FBN,0.0,0.0,0.0,0.0,100.0
12428,wellcome,0.0,9,0,0,4,99.99999999999999,0.0,0.0,2,FBN,0.0,0.0,0.0,0.0,100.0
12632,AL SAFA GENERAL TRADING LLC,0.0,2,0,0,1,100.0,0.0,0.0,1,FBN,0.0,0.0,0.0,0.0,100.0
60067,Start ACH  Store,0.0,0,0,0,1,100.0,0.0,0.0,1,FBN,0.0,0.0,0.0,0.0,100.0
111565,U P INTERNATIONAL TRADING L.L.C,0.0,0,0,0,1,100.0,0.0,0.0,1,DSE,0.0,0.0,0.0,0.0,100.0
12816,ZJFASHION,0.0,0,0,0,1,100.0,0.0,0.0,1,FBN,0.0,0.0,0.0,0.0,100.0
12888,Portal Electronic,0.0,11,0,0,13,100.00000000000003,0.0,0.0,1,FBN,0.0,0.0,0.0,0.0,100.0
12897,Vicactus,0.0,0,0,0,1,100.0,0.0,0.0,1,FBN,0.0,0.0,0.0,0.0,100.0
59104,WooFree,0.0,0,0,0,2,100.0,0.0,0.0,1,FBN,0.0,0.0,0.0,0.0,100.0
406952,Prakash Textiles,0.0,4,0,0,1,100.0,0.0,0.0,1,FBN,0.0,0.0,0.0,0.0,100.0
398405,yxy_enen@sina.com,0.0,4,0,0,2,100.00000000000001,0.0,0.0,1,FBN,0.0,0.0,0.0,0.0,100.0
134107,MBL,0.0,0,0,0,1,50.0,0.0,0.0,1,FBN,0.0,0.0,0.0,0.0,100.0
112098,Yue qing shi fange dian zi shang wu shang hang,0.0,7,0,0,9,100.0,0.0,0.0,1,FBN,0.0,0.0,0.0,0.0,100.0
133814,Changgeshicengfanshangmaoyouxiangongsi,0.0,3,0,0,3,100.00000000000003,0.0,0.0,1,FBN,0.0,0.0,0.0,0.0,100.0
133638,Selecto Hub,0.0,5,0,0,3,91.25000000000001,0.0,0.0,2,FBN,0.0,0.0,0.0,0.0,100.0
58555,Horizon Plus Trading LLC,0.0,2,0,0,1,25.0,0.0,0.0,1,FBN,0.0,0.0,0.0,0.0,100.0
414693,LIZISTORE,0.0,16,0,0,7,97.65624999018556,0.0,0.0,1,FBN,0.0,0.0,0.0,0.0,100.0
414929,xuchanghefeishangmaoyouxiangongsi,0.0,35,0,0,5,99.99999999785716,0.0,0.0,1,FBN,0.0,0.0,0.0,0.0,100.0
419593,Shahbaz,0.0,8,0,0,6,100.0,0.0,0.0,2,DSE,0.0,0.0,0.0,0.0,100.0
419859,shenzhenshitengpengyuekejiyouxiangongsi,0.0,2,0,0,1,100.0,0.0,0.0,1,FBN,0.0,0.0,0.0,0.0,100.0
57730,The Sisters Corner,0.0,58,0,0,4,100.0,0.0,0.0,1,FBN,0.0,0.0,0.0,0.0,100.0
134164,SELFOSS TRADING L.L.C,0.0,0,0,0,1,100.0,0.0,0.0,1,FBN,0.0,0.0,0.0,0.0,100.0
399255,HAPPY HABIBI,0.0,8,0,0,5,99.99999998125,0.0,0.0,1,FBN,0.0,0.0,0.0,0.0,100.0
401021,xiamenrongbokejijiancaiyouxiangongsi,0.0,19,0,0,2,100.00000000000001,0.0,0.0,1,FBN,0.0,0.0,0.0,0.0,100.0
111251,HELEE,0.0,17,0,0,3,100.0,0.0,0.0,1,FBN,0.0,0.0,0.0,0.0,100.0
401724,nananshiyezichenshangmaoyouxiangongsi,0.0,0,0,0,1,100.0,0.0,0.0,1,FBN,0.0,0.0,0.0,0.0,100.0
401873,Bold International FZCO,0.0,1,0,0,1,100.0,0.0,0.0,1,FBN,0.0,0.0,0.0,0.0,100.0
403481,quanzhoutaishangtouziqurongzhongshangmaoyouxiangongsi,0.0,0,0,0,1,100.0,0.0,0.0,1,FBN,0.0,0.0,0.0,0.0,100.0
404047,quanzhoutaishangtouziquxuanyueshangmaoyouxiangongsi,0.0,1,0,0,1,99.99999999999999,0.0,0.0,1,FBN,0.0,0.0,0.0,0.0,100.0
111200,xian yingxianglishangmao youxiangongsi,0.0,13,0,0,1,100.00000000000001,0.0,0.0,1,FBN,0.0,0.0,0.0,0.0,100.0
406444,xinxiangshigaoxinqunanfengbaihuoshanghang,0.0,0,0,0,1,81.25,0.0,0.0,1,FBN,0.0,0.0,0.0,0.0,100.0
12391,AamaZONE-Store,0.0,0,0,0,4,100.00000000000001,0.0,0.0,1,DSE,0.0,0.0,0.0,0.0,100.0
11704,Coolbaby,0.0,20,0,0,7,100.00000000000001,0.0,0.0,2,FBN,0.0,0.0,0.0,0.0,100.0
11722,AL ZAYTOONA LLC,0.0,0,0,0,1,100.0,0.0,0.0,1,FBN,0.0,0.0,0.0,0.0,100.0
399084,ShenzhenshiHaimaikejiyouxiangongsi,0.0,11,0,0,4,99.99999999999999,0.0,0.0,1,FBN,0.0,0.0,0.0,0.0,100.0
11846,Done by Deer,0.0,1,0,0,2,99.99999999999999,0.0,0.0,1,DSE,0.0,0.0,0.0,0.0,100.0
11975,Hassan Traders,0.0,6,0,0,3,65.6250000046875,0.0,0.0,1,DSE,0.0,0.0,0.0,0.0,100.0
11986,Little Things Trading L.L.C,0.0,1,0,0,1,99.99999999999999,0.0,0.0,1,DSE,0.0,0.0,0.0,0.0,100.0
11994,4you,0.0,0,0,0,4,100.00000000000001,0.0,0.0,2,DSE,0.0,0.0,0.0,0.0,100.0
12085,Happy-Go,0.0,0,0,0,1,100.0,0.0,0.0,1,FBN,0.0,0.0,0.0,0.0,100.0
12229,B-Safe,0.0,0,0,0,3,100.00000000000001,0.0,0.0,1,DSE,0.0,0.0,0.0,0.0,100.0
60125,Gelivable,0.0,12,0,0,13,99.9999999953125,0.0,0.0,1,FBN,0.0,0.0,0.0,0.0,100.0
134321,FOSHANSHI ZHONGHUIRUI MAOYI YOUXIAN GONGSI,0.0,38,0,0,16,100.0,0.0,0.0,1,FBN,0.0,0.0,0.0,0.0,100.0
49495,All Your Needs,0.0,6,0,0,9,99.99999999999997,0.0,0.0,1,FBN,0.0,0.0,0.0,0.0,100.0
112369,HZK Enterprises LLC FZ,0.0,6,0,0,4,100.0,0.0,0.0,2,FBN,0.0,0.0,0.0,0.0,100.0
49552,jingqiaoqiao,0.0,3,0,0,1,100.0,0.0,0.0,1,FBN,0.0,0.0,0.0,0.0,100.0
399008,Foshanshilantingmaoyiyouxiangongsi,0.0,8,0,0,1,99.99999999999999,0.0,0.0,1,FBN,0.0,0.0,0.0,0.0,100.0
131992,I did,0.0,52,0,0,8,100.0,0.0,0.0,1,FBN,0.0,0.0,0.0,0.0,100.0
49606,TARZ,0.0,1,0,0,1,99.99999999999999,0.0,0.0,1,FBN,0.0,0.0,0.0,0.0,100.0
113676,Impex International,0.0,2,0,0,58,99.99999999999993,0.0,0.0,8,DSE,0.0,0.0,0.0,0.0,100.0
49708,JJ_Boutique-Bulky,0.0,4,0,0,3,100.0,0.0,0.0,1,FBN,0.0,0.0,0.0,0.0,100.0
49896,Nautilus Kitchenware,0.0,2,0,0,5,100.0,0.0,0.0,2,DSE,0.0,0.0,0.0,0.0,100.0
133061,Yimjss,0.0,5,0,0,2,100.00000000000001,0.0,0.0,1,FBN,0.0,0.0,0.0,0.0,100.0
50231,CREATIVE PLANET,0.0,2,0,0,2,99.99999999999999,0.0,0.0,1,FBN,0.0,0.0,0.0,0.0,100.0
130244,Disnie Electronics Trading LLC,0.0,11,0,0,3,100.0,0.0,0.0,2,FBN,0.0,0.0,0.0,0.0,100.0
422740,zhengzhoushijinshuiquyanxitangbaihuoshanghang,0.0,0,0,0,1,100.0,0.0,0.0,1,FBN,0.0,0.0,0.0,0.0,100.0
422745,zhengzhoushijinshuiquxinyuyingbaihuoshanghang,0.0,2,0,0,1,100.0,0.0,0.0,1,FBN,0.0,0.0,0.0,0.0,100.0
422747,zhengzhoushijinshuiqushengjinyebaihuoshanghang,0.0,0,0,0,1,100.0,0.0,0.0,1,FBN,0.0,0.0,0.0,0.0,100.0
113975,lanhaiguoji,0.0,9,0,0,5,99.99999999999999,0.0,0.0,1,FBN,0.0,0.0,0.0,0.0,100.0
422758,zhengzhoushijinshuiquchengtabaihuoshanghang,0.0,0,0,0,3,95.83333333333331,0.0,0.0,1,FBN,0.0,0.0,0.0,0.0,100.0
396534,MiMi Family LLC,0.0,4,0,0,1,100.0,0.0,0.0,1,FBN,0.0,0.0,0.0,0.0,100.0
396430,MINIWANDERS.AE FZC LLC,0.0,2,0,0,1,81.24999999999999,0.0,0.0,1,FBN,0.0,0.0,0.0,0.0,100.0
423020,Trendzmax Global FZ LLC,0.0,18,0,0,3,81.24999999999999,0.0,0.0,1,FBN,0.0,0.0,0.0,0.0,100.0
50049,qianzi store,0.0,2,0,0,1,100.0,0.0,0.0,1,FBN,0.0,0.0,0.0,0.0,100.0
420711,E-Republic,0.0,11,0,0,3,100.0,0.0,0.0,1,FBN,0.0,0.0,0.0,0.0,100.0
421171,Deal Hub,0.0,11,0,0,3,100.0,0.0,0.0,1,Retail,0.0,0.0,0.0,0.0,100.0
133011,Adong Store,0.0,0,0,0,1,100.0,0.0,0.0,1,FBN,0.0,0.0,0.0,0.0,100.0
422268,asma eissa ,0.0,0,0,0,1,100.0,0.0,0.0,1,FBN,0.0,0.0,0.0,0.0,100.0
27252,Dali LLC,0.0,5,0,0,1,100.0,0.0,0.0,1,FBN,0.0,0.0,0.0,0.0,100.0
57709,HOME TIME FOR HOUSEHOLD UTENSILS TRADING CO. L.L.C,0.0,12,0,0,8,98.43749999869792,0.0,0.0,2,DSE,0.0,0.0,0.0,0.0,100.0
30448,MESHA GIFTS,0.0,0,0,0,1,100.0,0.0,0.0,1,FBN,0.0,0.0,0.0,0.0,100.0
57266,Arab Mart,0.0,14,0,0,2,100.00000000000001,0.0,0.0,1,DSE,0.0,0.0,0.0,0.0,100.0
30508,Ecom Age,0.0,28,0,0,2,3.5714285779336734,0.0,0.0,1,FBN,0.0,0.0,0.0,0.0,100.0
30528,Loquat,0.0,1,0,0,2,99.99999999999999,0.0,0.0,1,FBN,0.0,0.0,0.0,0.0,100.0
55981,PrintShop4Me FZE,0.0,59,0,0,86,99.99999999999999,0.0,0.0,2,DSE,0.0,0.0,0.0,0.0,100.0
47621,Aussie international,0.0,3,0,0,11,87.49999998958333,0.0,0.0,2,DSE,0.0,0.0,0.0,0.0,100.0
56926,E M C ROSE HOUSEHOLD TRADING L.L.,0.0,29,0,0,15,99.99999999999999,0.0,0.0,1,FBN,0.0,0.0,0.0,0.0,100.0
47706,MISS GOOEY OFFICIAL STORE,0.0,0,0,0,2,100.0,0.0,0.0,1,FBN,0.0,0.0,0.0,0.0,100.0
48357,Six-seven times,0.0,81,0,0,1,18.75,0.0,0.0,1,FBN,0.0,0.0,0.0,0.0,100.0
48387,xiaopeng,0.0,1,0,0,2,99.99999999999999,0.0,0.0,1,FBN,0.0,0.0,0.0,0.0,100.0
48702,Litchi Ventures,0.0,2,0,0,2,100.0,0.0,0.0,1,FBN,0.0,0.0,0.0,0.0,100.0
56573,TERABYTE,0.0,0,0,0,5,100.00000000000001,0.0,0.0,2,FBN,0.0,0.0,0.0,0.0,100.0
48743,gemdeal,0.0,1,0,0,1,100.0,0.0,0.0,1,FBN,0.0,0.0,0.0,0.0,100.0
49426,unbeatable deals,0.0,5,0,0,3,81.24999999999999,0.0,0.0,2,DSE,0.0,0.0,0.0,0.0,100.0
49448,SYMO SHOP,0.0,0,0,0,1,100.0,0.0,0.0,1,FBN,0.0,0.0,0.0,0.0,100.0
47597,Armonia Vita UAE,0.0,1,0,0,1,99.99999999999999,0.0,0.0,1,DSE,0.0,0.0,0.0,0.0,100.0
37015,Mei Lifestyle,0.0,5,0,0,4,100.0,0.0,0.0,1,FBN,0.0,0.0,0.0,0.0,100.0
530108,GUANGZHOUALIANYOUPINMAOYIYOUXIANGONGSI,0.0,3,0,0,5,24.999999999999996,0.0,0.0,1,FBN,0.0,0.0,0.0,0.0,100.0
529894,FUYAOLIN LIMITED,0.0,3,0,0,1,100.0,0.0,0.0,1,FBN,0.0,0.0,0.0,0.0,100.0
37972,RIOXS-OFFICIAL,0.0,1,0,0,1,99.99999999999999,0.0,0.0,1,FBN,0.0,0.0,0.0,0.0,100.0
37974,RTYY,0.0,14,0,0,1,100.00000000000001,0.0,0.0,1,FBN,0.0,0.0,0.0,0.0,100.0
37978,ruisimeng,0.0,0,0,0,4,100.00000000000001,0.0,0.0,2,FBN,0.0,0.0,0.0,0.0,100.0
37981,Story Shop,0.0,2,0,0,1,100.0,0.0,0.0,1,FBN,0.0,0.0,0.0,0.0,100.0
38001,BGM,0.0,5,0,0,2,100.0,0.0,0.0,1,DSE,0.0,0.0,0.0,0.0,100.0
38113,Coolchic,0.0,2,0,0,3,99.99999999999997,0.0,0.0,2,FBN,0.0,0.0,0.0,0.0,100.0
529744,Paramount Route FZCO,0.0,2,0,0,1,100.0,0.0,0.0,1,DSE,0.0,0.0,0.0,0.0,100.0
38315,NVOVO,0.0,0,0,0,1,81.25,0.0,0.0,1,FBN,0.0,0.0,0.0,0.0,100.0
114948,JIEFENG-AE,0.0,5,0,0,2,100.0,0.0,0.0,1,FBN,0.0,0.0,0.0,0.0,100.0
38438,Front Runner,0.0,0,0,0,1,100.0,0.0,0.0,1,DSE,0.0,0.0,0.0,0.0,100.0
38448,MANYCART,0.0,13,0,0,7,100.0,0.0,0.0,3,FBN,0.0,0.0,0.0,0.0,100.0
527846,foshanshizhichunshangmaoyouxiangongsi,0.0,2,0,0,3,99.99999999999999,0.0,0.0,1,FBN,0.0,0.0,0.0,0.0,100.0
11682,BrandsForLessUAE,0.0,1,0,0,22,25.000001456249965,0.0,0.0,6,DSE,0.0,0.0,0.0,0.0,100.0
509737,qianlishun,0.0,0,0,0,2,100.0,0.0,0.0,1,FBN,0.0,0.0,0.0,0.0,100.0
11395,Rainbow Toys,0.0,0,0,0,1,100.0,0.0,0.0,1,DSE,0.0,0.0,0.0,0.0,100.0
585,LAVERI,0.0,3,0,0,1,100.00000000000001,0.0,0.0,1,DSE,0.0,0.0,0.0,0.0,100.0
562,Party Camel,0.0,0,0,0,1,100.0,0.0,0.0,1,DSE,0.0,0.0,0.0,0.0,100.0
543,Toolbank,0.0,2,0,0,2,84.37500000000001,0.0,0.0,1,DSE,0.0,0.0,0.0,0.0,100.0
328,MG.Store,0.0,8,0,0,4,99.99999999999999,0.0,0.0,2,FBN,0.0,0.0,0.0,0.0,100.0
297,2XL Home,0.0,0,0,0,1,100.0,0.0,0.0,1,DSE,0.0,0.0,0.0,0.0,100.0
528398,Tradezon Global LLC,0.0,3,0,0,1,100.00000000000001,0.0,0.0,1,FBN,0.0,0.0,0.0,0.0,100.0
487815,Daze-Me,0.0,1,0,0,1,99.99999999999999,0.0,0.0,1,FBN,0.0,0.0,0.0,0.0,100.0
536214,Joint E-commerce Center,0.0,0,0,0,1,100.0,0.0,0.0,1,FBN,0.0,0.0,0.0,0.0,100.0
493199,cosmic,0.0,0,0,0,1,100.0,0.0,0.0,1,FBN,0.0,0.0,0.0,0.0,100.0
495569,shang hai wei gong shang mao you xian gong si,0.0,14,0,0,6,99.99999999955357,0.0,0.0,1,FBN,0.0,0.0,0.0,0.0,100.0
532377,dongguanshihumenyiwanshangmaobu,0.0,0,0,0,4,97.5,0.0,0.0,1,FBN,0.0,0.0,0.0,0.0,100.0
532063,shenzhenshilanfengdianzishangwuyouxiangongsi,0.0,0,0,0,1,100.0,0.0,0.0,1,FBN,0.0,0.0,0.0,0.0,100.0
497576,mulan,0.0,11,0,0,5,100.00000000000001,0.0,0.0,1,FBN,0.0,0.0,0.0,0.0,100.0
499231,Xianyan,0.0,2,0,0,5,93.749999934375,0.0,0.0,1,FBN,0.0,0.0,0.0,0.0,100.0
500934,JIANGXICHANGZHAOXINXIZIXUNYOUXIANGONGSI,0.0,0,0,0,1,68.75,0.0,0.0,1,FBN,0.0,0.0,0.0,0.0,100.0
500938,Grabeh Middle East - FZCO,0.0,18,0,0,1,100.00000000000001,0.0,0.0,1,FBN,0.0,0.0,0.0,0.0,100.0
501341,shenzhenshihuashengfuzhuangmaoyiyouxiangongsi,0.0,17,0,0,1,100.00000000000001,0.0,0.0,1,FBN,0.0,0.0,0.0,0.0,100.0
1130,Dukan,0.0,2,0,0,11,81.24999999999997,0.0,0.0,1,DSE,0.0,0.0,0.0,0.0,100.0
502216,Shravelle,0.0,2,0,0,1,100.0,0.0,0.0,1,FBN,0.0,0.0,0.0,0.0,100.0
502879,Najim al rayan bldg mat tr,0.0,0,0,0,1,100.0,0.0,0.0,1,DSE,0.0,0.0,0.0,0.0,100.0
503933,DIGITAL CARD NFC FOR ONLINE SELLING ,0.0,0,0,0,1,100.0,0.0,0.0,1,FBN,0.0,0.0,0.0,0.0,100.0
531436,shenzhenshuibinkejiyouxiangongsi,0.0,12,0,0,9,63.54166664592014,0.0,0.0,2,FBN,0.0,0.0,0.0,0.0,100.0
531401,Smartspot,0.0,0,0,0,1,100.0,0.0,0.0,1,FBN,0.0,0.0,0.0,0.0,100.0
35358,intelted,0.0,7,0,0,2,99.99999999999997,0.0,0.0,1,FBN,0.0,0.0,0.0,0.0,100.0
35605,SMC GLOBAL,0.0,0,0,0,1,100.0,0.0,0.0,1,FBN,0.0,0.0,0.0,0.0,100.0
35615,Classic Ceremony,0.0,0,0,0,1,68.75,0.0,0.0,1,FBN,0.0,0.0,0.0,0.0,100.0
35899,Shell,0.0,0,0,0,1,100.0,0.0,0.0,1,FBN,0.0,0.0,0.0,0.0,100.0
36133,Bortony ®,0.0,1,0,0,1,99.99999999999999,0.0,0.0,1,DSE,0.0,0.0,0.0,0.0,100.0
36653,MINSAL TRADING COMPANY FZE,0.0,2,0,0,1,100.0,0.0,0.0,1,FBN,0.0,0.0,0.0,0.0,100.0
502143,jinlian,0.0,0,0,0,1,100.0,0.0,0.0,1,FBN,0.0,0.0,0.0,0.0,100.0
520689,"Dongguanshishuzhiyuankeji Co., Ltd",0.0,4,0,0,2,100.00000000000001,0.0,0.0,1,FBN,0.0,0.0,0.0,0.0,100.0
771,BBBDUBAI,0.0,3,0,0,15,99.99999999999999,0.0,0.0,2,DSE,0.0,0.0,0.0,0.0,100.0
527799,JINHEC,0.0,2,0,0,2,62.5,0.0,0.0,1,FBN,0.0,0.0,0.0,0.0,100.0
9401,noon Brands,0.0,6,0,0,2,99.99999999999999,0.0,0.0,2,Retail,0.0,0.0,0.0,0.0,100.0
9403,Noon Grocery,0.0,10,0,0,7,99.99999999999999,0.0,0.0,3,Retail,0.0,0.0,0.0,0.0,100.0
9411,Noon in Minutes,0.0,2,0,0,4,59.374999993749995,0.0,0.0,2,Retail,0.0,0.0,0.0,0.0,100.0
10197,Fair Price,0.0,16,0,0,22,100.00000000000001,0.0,0.0,2,DSE,0.0,0.0,0.0,0.0,100.0
10384,COSMOPLAST,0.0,13,0,0,2,100.0,0.0,0.0,1,FBN,0.0,0.0,0.0,0.0,100.0
11297,tobys,0.0,17,0,0,2,99.99999999999999,0.0,0.0,1,DSE,0.0,0.0,0.0,0.0,100.0
10487,Hotpack Group,0.0,0,0,0,1,100.0,0.0,0.0,1,FBN,0.0,0.0,0.0,0.0,100.0
10876,GT-Wheel,0.0,19,0,0,28,99.9999999970395,0.0,0.0,1,DSE,0.0,0.0,0.0,0.0,100.0
512030,Shengxia,0.0,0,0,0,9,18.75,0.0,0.0,1,FBN,0.0,0.0,0.0,0.0,100.0
11160,Fair Trade,0.0,0,0,0,1,100.0,0.0,0.0,1,DSE,0.0,0.0,0.0,0.0,100.0
11203,Rich International,0.0,0,0,0,1,100.0,0.0,0.0,1,FBN,0.0,0.0,0.0,0.0,100.0
544006,ZAYRO,0.0,10,0,0,1,43.75,0.0,0.0,1,FBN,0.0,0.0,0.0,0.0,100.0
542227,yushanxianjianmushedianzishangwu Co Ltd,0.0,18,0,0,3,100.0,0.0,0.0,1,FBN,0.0,0.0,0.0,0.0,100.0
540049,Global Power General Trading LLC,0.0,0,0,0,1,100.0,0.0,0.0,1,FBN,0.0,0.0,0.0,0.0,100.0
247,JASHANMAL,0.0,87,0,0,18,50.64655173388576,0.0,0.0,3,DSE,0.0,0.0,0.0,0.0,100.0
561490,SUNNY BEAUTY,0.0,28,0,0,1,81.25000000000001,0.0,0.0,1,FBN,0.0,0.0,0.0,0.0,100.0
214,dxb.net,0.0,1,0,0,1,99.99999999999999,0.0,0.0,1,FBN,0.0,0.0,0.0,0.0,100.0
562145,FASMAH SOLUTIONS F.Z.E,0.0,20,0,0,6,100.00000000000001,0.0,0.0,1,FBN,0.0,0.0,0.0,0.0,100.0
562606,Wazzi,0.0,3,0,0,3,87.49999999999999,0.0,0.0,1,FBN,0.0,0.0,0.0,0.0,100.0
1439,Dr.Nutrition,0.0,1,0,0,1,99.99999999999999,0.0,0.0,1,DSE,0.0,0.0,0.0,0.0,100.0
544914,tangfen,0.0,1,0,0,1,75.0,0.0,0.0,1,FBN,0.0,0.0,0.0,0.0,100.0
512559,HAPPYMORE,0.0,0,0,0,1,100.0,0.0,0.0,1,FBN,0.0,0.0,0.0,0.0,100.0
512625,Noskin limited,0.0,0,0,0,2,33.33333333333333,0.0,0.0,1,FBN,0.0,0.0,0.0,0.0,100.0
530700,shengxingji,0.0,0,0,0,5,35.71428571428572,0.0,0.0,1,FBN,0.0,0.0,0.0,0.0,100.0
520922,NESPOO,0.0,2,0,0,1,100.0,0.0,0.0,1,FBN,0.0,0.0,0.0,0.0,100.0
550470,DOOMII,0.0,2,0,0,1,100.0,0.0,0.0,1,FBN,0.0,0.0,0.0,0.0,100.0
622,Union Coop,0.0,0,0,0,1,100.0,0.0,0.0,1,FBN,0.0,0.0,0.0,0.0,100.0
551115,Xinfa,0.0,7,0,0,1,99.99999999999999,0.0,0.0,1,FBN,0.0,0.0,0.0,0.0,100.0
553328,jian&kj,0.0,2,0,0,8,99.99999980312498,0.0,0.0,1,FBN,0.0,0.0,0.0,0.0,100.0
10356,PARA JOHN,0.0,6,0,0,1,99.99999999999999,0.0,0.0,1,DSE,0.0,0.0,0.0,0.0,100.0
30549,7MD STORE GENERAL TRADING,0.0,1,0,0,1,99.99999999999999,0.0,0.0,1,FBN,0.0,0.0,0.0,0.0,100.0
30723,P P S TRADING,0.0,2,0,0,1,100.0,0.0,0.0,1,FBN,0.0,0.0,0.0,0.0,100.0
11365,NAH eStore,0.0,0,0,0,1,100.0,0.0,0.0,1,FBN,0.0,0.0,0.0,0.0,100.0
30894,Isra | Leart,0.0,1,0,0,1,99.99999999999999,0.0,0.0,1,FBN,0.0,0.0,0.0,0.0,100.0
30953,Hash Store,0.0,12,0,0,1,100.00000000000001,0.0,0.0,1,DSE,0.0,0.0,0.0,0.0,100.0
31774,SkylineOnline,0.0,4,0,0,1,100.0,0.0,0.0,1,DSE,0.0,0.0,0.0,0.0,100.0
32174,Dubkart,0.0,7,0,0,30,70.53571438137755,0.0,0.0,10,DSE,0.0,0.0,0.0,0.0,100.0
32524,UKR Trading,0.0,4,0,0,1,100.0,0.0,0.0,1,FBN,0.0,0.0,0.0,0.0,100.0
33177,TheCommerceers,0.0,2,0,0,2,99.99999999999999,0.0,0.0,1,FBN,0.0,0.0,0.0,0.0,100.0
33185,Orderly,0.0,3,0,0,5,100.00000000000001,0.0,0.0,1,FBN,0.0,0.0,0.0,0.0,100.0
33721,My Science Kids,0.0,2,0,0,11,99.99999999999997,0.0,0.0,1,DSE,0.0,0.0,0.0,0.0,100.0
513595,shenzhenshiyueshengdianzishangwuyouxiangongsi,0.0,6,0,0,2,99.99999999999999,0.0,0.0,1,FBN,0.0,0.0,0.0,0.0,100.0
516043,lingqi,0.0,3,0,0,3,100.0,0.0,0.0,1,FBN,0.0,0.0,0.0,0.0,100.0
520065,"Shenzhen Yiheng Cross-Border E-commerce Co., Ltd.",0.0,5,0,0,1,100.0,0.0,0.0,1,FBN,0.0,0.0,0.0,0.0,100.0
30848,Fortune Cat,0.0,1,0,0,2,100.00000000000001,0.0,0.0,1,FBN,0.0,0.0,0.0,0.0,100.0
466196,youwo,0.0,199,0,0,6,100.00000000000006,0.0,0.0,1,FBN,0.0,0.0,0.0,0.0,100.0
466583,bixin,0.0,28,0,0,6,100.00000000000001,0.0,0.0,1,FBN,0.0,0.0,0.0,0.0,100.0
466709,MAFS TRADING FZE LLC,0.0,4,0,0,3,100.0,0.0,0.0,1,FBN,0.0,0.0,0.0,0.0,100.0
466738,Clink Trading FZE,0.0,0,0,0,15,78.26086956521745,0.0,0.0,1,FBN,0.0,0.0,0.0,0.0,100.0
466989,Guangzhou Weihoumi Trade Co Ltd,0.0,3,0,0,5,99.99999999999999,0.0,0.0,1,FBN,0.0,0.0,0.0,0.0,100.0
467141,Kiddy Zone,0.0,0,0,0,1,100.0,0.0,0.0,1,DSE,0.0,0.0,0.0,0.0,100.0
467369,gulfsky,0.0,6,0,0,24,99.99999999999997,0.0,0.0,3,DSE,0.0,0.0,0.0,0.0,100.0
19707,Sanbo,0.0,0,0,0,1,100.0,0.0,0.0,1,FBN,0.0,0.0,0.0,0.0,100.0
468641,13670154221@163.com,0.0,2,0,0,1,100.0,0.0,0.0,1,FBN,0.0,0.0,0.0,0.0,100.0
468782,WhereArt,0.0,11,0,0,8,100.0,0.0,0.0,4,FBN,0.0,0.0,0.0,0.0,100.0
469412,HaoLangXian,0.0,11,0,0,1,100.00000000000001,0.0,0.0,1,FBN,0.0,0.0,0.0,0.0,100.0
537964,723170673@qq.com,0.0,0,0,0,1,31.250000000000004,0.0,0.0,1,FBN,0.0,0.0,0.0,0.0,100.0
469876,shenzhenshidayichengkejiyouxiangongsi,0.0,0,0,0,1,100.0,0.0,0.0,1,FBN,0.0,0.0,0.0,0.0,100.0
42318,Infinity Store,0.0,1,0,0,3,100.0,0.0,0.0,1,DSE,0.0,0.0,0.0,0.0,100.0
42326,Smart hub,0.0,0,0,0,1,100.0,0.0,0.0,1,FBN,0.0,0.0,0.0,0.0,100.0
42890,WHITE GAINS,0.0,12,0,0,1,100.00000000000001,0.0,0.0,1,FBN,0.0,0.0,0.0,0.0,100.0
42958,Sujing,0.0,13,0,0,2,99.99999999615385,0.0,0.0,2,FBN,0.0,0.0,0.0,0.0,100.0
19638,Mickey Brown,0.0,3,0,0,1,100.00000000000001,0.0,0.0,1,FBN,0.0,0.0,0.0,0.0,100.0
43625,Baybee,0.0,7,0,0,5,99.99999999999997,0.0,0.0,1,DSE,0.0,0.0,0.0,0.0,100.0
43919,LA FIESTA STORE,0.0,8,0,0,8,100.0,0.0,0.0,1,FBN,0.0,0.0,0.0,0.0,100.0
44120,BASICS STAR GENERAL TRADING,0.0,12,0,0,2,100.00000000000001,0.0,0.0,1,FBN,0.0,0.0,0.0,0.0,100.0
44144,beauenty,0.0,6,0,0,2,100.0,0.0,0.0,1,FBN,0.0,0.0,0.0,0.0,100.0
44158,HIPOP OFFICIAL STORE,0.0,25,0,0,3,97.99999999648,0.0,0.0,1,FBN,0.0,0.0,0.0,0.0,100.0
469511,shenzhenshilingxunjiewangluokeji Limited,0.0,15,0,0,2,100.0,0.0,0.0,1,FBN,0.0,0.0,0.0,0.0,100.0
20616,Prickly Pear,0.0,3,0,0,3,99.99999999999999,0.0,0.0,1,FBN,0.0,0.0,0.0,0.0,100.0
27582,HIGHLAND STORE,0.0,64,0,0,16,99.99999999999997,0.0,0.0,1,FBN,0.0,0.0,0.0,0.0,100.0
27912,Gulf Store,0.0,2,0,0,1,100.0,0.0,0.0,1,DSE,0.0,0.0,0.0,0.0,100.0
20594,beautyshop,0.0,2,0,0,1,100.0,0.0,0.0,1,FBN,0.0,0.0,0.0,0.0,100.0
29051,Smilee Official,0.0,48,0,0,6,97.78645833262262,0.0,0.0,1,FBN,0.0,0.0,0.0,0.0,100.0
29140,yijia,0.0,3,0,0,2,79.16666665277778,0.0,0.0,2,FBN,0.0,0.0,0.0,0.0,100.0
29485,FATIMI HARDWARE,0.0,7,0,0,4,99.99999999999996,0.0,0.0,2,DSE,0.0,0.0,0.0,0.0,100.0
454253,chengdumaningjiemeikejiyouxiangongsi,0.0,8,0,0,4,100.0,0.0,0.0,1,FBN,0.0,0.0,0.0,0.0,100.0
454988,qtbt,0.0,1,0,0,2,99.99999999999999,0.0,0.0,2,FBN,0.0,0.0,0.0,0.0,100.0
455007,jieyangshihamakejiyouxiangongsi,0.0,3,0,0,1,100.0,0.0,0.0,1,FBN,0.0,0.0,0.0,0.0,100.0
455935,GET FOR LESS LLC,0.0,3,0,0,1,100.00000000000001,0.0,0.0,1,FBN,0.0,0.0,0.0,0.0,100.0
466166,Fathekhan global ventures LLC,0.0,0,0,0,1,0.0,0.0,0.0,1,FBN,0.0,0.0,0.0,0.0,100.0
20497,Styli,0.0,1,0,0,3,18.750000106249995,0.0,0.0,3,DSE,0.0,0.0,0.0,0.0,100.0
457861,UV Enterprises LLC,0.0,12,0,0,2,99.9999999984375,0.0,0.0,1,FBN,0.0,0.0,0.0,0.0,100.0
459642,THE WHITE SPACE,0.0,28,0,0,1,100.0,0.0,0.0,1,Retail,0.0,0.0,0.0,0.0,100.0
459731,NINA LUXE,0.0,0,0,0,3,100.00000000000001,0.0,0.0,1,FBN,0.0,0.0,0.0,0.0,100.0
460472,yuxuan,0.0,16,0,0,6,100.00000000000001,0.0,0.0,1,FBN,0.0,0.0,0.0,0.0,100.0
20314,AL NAJM AL LAMEA LLC,0.0,19,0,0,8,100.0,0.0,0.0,3,DSE,0.0,0.0,0.0,0.0,100.0
461907,Owen,0.0,1,0,0,2,100.0,0.0,0.0,1,FBN,0.0,0.0,0.0,0.0,100.0
19885,Theodor- UAE,0.0,20,0,0,114,99.99999999999994,0.0,0.0,1,DSE,0.0,0.0,0.0,0.0,100.0
463255,Janah.Life,0.0,1,0,0,1,75.0,0.0,0.0,1,FBN,0.0,0.0,0.0,0.0,100.0
464801,foshanshiyuanrongmaoyiyouxiangongsi,0.0,1,0,0,1,99.99999999999999,0.0,0.0,1,FBN,0.0,0.0,0.0,0.0,100.0
19740,TIGER MOBILE,0.0,26,0,0,29,99.99999999999999,0.0,0.0,4,DSE,0.0,0.0,0.0,0.0,100.0
456769,wupingxianmanbomaoyiyouxiangongsi,0.0,2,0,0,2,100.0,0.0,0.0,1,FBN,0.0,0.0,0.0,0.0,100.0
39489,MILLIN,0.0,0,0,0,1,100.0,0.0,0.0,1,FBN,0.0,0.0,0.0,0.0,100.0
39605,motim-gcc,0.0,27,0,0,4,100.0,0.0,0.0,1,FBN,0.0,0.0,0.0,0.0,100.0
39613,VAVA,0.0,10,0,0,4,100.0,0.0,0.0,1,FBN,0.0,0.0,0.0,0.0,100.0
40059,Dolphin Stationery,0.0,7,0,0,2,73.21428571479592,0.0,0.0,1,FBN,0.0,0.0,0.0,0.0,100.0
40097,BWSJ,0.0,6,0,0,3,100.0,0.0,0.0,2,FBN,0.0,0.0,0.0,0.0,100.0
123435,Foshanguandadianzixinxifuwuyouxiangongsi,0.0,68,0,0,9,99.35661764594235,0.0,0.0,1,FBN,0.0,0.0,0.0,0.0,100.0
40919,BRAND,0.0,7,0,0,8,99.99999999999999,0.0,0.0,3,DSE,0.0,0.0,0.0,0.0,100.0
41453,MIMELON,0.0,6,0,0,2,99.99999999999999,0.0,0.0,1,Unmapped,0.0,0.0,0.0,0.0,100.0
41567,zeestore,0.0,0,0,0,1,18.75,0.0,0.0,1,FBN,0.0,0.0,0.0,0.0,100.0
122397,xinxiangshihongqiqumeixiangdaoshangmaoyouxiangongsi,0.0,2,0,0,1,100.0,0.0,0.0,1,FBN,0.0,0.0,0.0,0.0,100.0
41727,TEALAND,0.0,3,0,0,6,99.99999999999999,0.0,0.0,1,DSE,0.0,0.0,0.0,0.0,100.0
44307,N SQUARE,0.0,50,0,0,24,100.0,0.0,0.0,2,DSE,0.0,0.0,0.0,0.0,100.0
477394,dongguansannikejiyouxiangongsi,0.0,2,0,0,1,100.0,0.0,0.0,1,FBN,0.0,0.0,0.0,0.0,100.0
479249,Dua Enterprises,0.0,6,0,0,2,99.99999999999999,0.0,0.0,1,FBN,0.0,0.0,0.0,0.0,100.0
480001,Rexora Retail,0.0,6,0,0,1,99.99999999999999,0.0,0.0,1,FBN,0.0,0.0,0.0,0.0,100.0
120788,Click House ,0.0,4,0,0,1,100.0,0.0,0.0,1,FBN,0.0,0.0,0.0,0.0,100.0
480870,ZEIN,0.0,2,0,0,2,50.000000000000014,0.0,0.0,1,FBN,0.0,0.0,0.0,0.0,100.0
120075,CRESCENT DRIVE GENERAL TRADING L.L.C,0.0,6,0,0,6,96.87500000052084,0.0,0.0,5,DSE,0.0,0.0,0.0,0.0,100.0
118961,FERROHIDE FZE LLC,0.0,36,0,0,3,100.0,0.0,0.0,1,FBN,0.0,0.0,0.0,0.0,100.0
482913,shuweishangmaoganzhouyouxiangongsi,0.0,1,0,0,2,100.0,0.0,0.0,1,FBN,0.0,0.0,0.0,0.0,100.0
483099,Rossetti Cookshop,0.0,15,0,0,21,99.99999999999999,0.0,0.0,3,DSE,0.0,0.0,0.0,0.0,100.0
485646,ruiji,0.0,9,0,0,1,99.99999999999999,0.0,0.0,1,FBN,0.0,0.0,0.0,0.0,100.0
486032,yiwushiqingtiandianzishangwuyouxiangongsi,0.0,7,0,0,2,100.00000000000001,0.0,0.0,2,FBN,0.0,0.0,0.0,0.0,100.0
41772,RIGHT ANGLE,0.0,2,0,0,2,99.99999999999999,0.0,0.0,1,DSE,0.0,0.0,0.0,0.0,100.0
44546,CLICKMART,0.0,3,0,0,8,99.99999999999999,0.0,0.0,1,FBN,0.0,0.0,0.0,0.0,100.0
44588,AY TRADING (LLC),0.0,0,0,0,3,100.0,0.0,0.0,1,FBN,0.0,0.0,0.0,0.0,100.0
44668,GRAY CART,0.0,3,0,0,1,100.00000000000001,0.0,0.0,1,FBN,0.0,0.0,0.0,0.0,100.0
44833,EqiEch,0.0,1,0,0,1,100.0,0.0,0.0,1,FBN,0.0,0.0,0.0,0.0,100.0
45439,JOYSEUS-SA,0.0,0,0,0,1,25.0,0.0,0.0,1,DSE,0.0,0.0,0.0,0.0,100.0
19229,ACLIX,0.0,0,0,0,1,100.0,0.0,0.0,1,DSE,0.0,0.0,0.0,0.0,100.0
471366,shenzhenshibolongxinshangmao Ltd ,0.0,2,0,0,2,100.0,0.0,0.0,1,FBN,0.0,0.0,0.0,0.0,100.0
471798,YUNSHAO AE STORE,0.0,874,0,0,8,99.92848970244683,0.0,0.0,1,FBN,0.0,0.0,0.0,0.0,100.0
472413,ROAD HQ,0.0,2,0,0,3,99.99999999999997,0.0,0.0,1,FBN,0.0,0.0,0.0,0.0,100.0
473091,JINMIN AE STORE,0.0,1,0,0,1,100.0,0.0,0.0,1,FBN,0.0,0.0,0.0,0.0,100.0
473398,hangzhoucongzhechuhaikejiyouxiangongsi,0.0,36,0,0,1,100.00000000000001,0.0,0.0,1,FBN,0.0,0.0,0.0,0.0,100.0
39111,ae easy buy,0.0,0,0,0,1,100.0,0.0,0.0,1,FBN,0.0,0.0,0.0,0.0,100.0
474351,LAZER E-COMMERCE,0.0,4,0,0,2,100.0,0.0,0.0,1,Retail,0.0,0.0,0.0,0.0,100.0
474786,AASH LLC,0.0,4,0,0,1,100.0,0.0,0.0,1,FBN,0.0,0.0,0.0,0.0,100.0
19045,BRAIN GIGGLES,0.0,109,0,0,64,96.50229357846983,0.0,0.0,4,Unmapped,0.0,0.0,0.0,0.0,100.0
475052,dongguanminghuashenkejiyouxiangongsi,0.0,6,0,0,2,99.99999999999999,0.0,0.0,1,FBN,0.0,0.0,0.0,0.0,100.0
475920,zhengzhouxihandianzishangwuyouxiangongsi,0.0,0,0,0,1,100.0,0.0,0.0,1,FBN,0.0,0.0,0.0,0.0,100.0
699,Kerma Kids,0.0,2,0,0,26,74.99999999999997,0.0,0.0,1,DSE,0.0,0.0,0.0,0.0,100.0
476997,NutriCub,0.0,16,0,0,5,100.0,0.0,0.0,1,FBN,0.0,0.0,0.0,0.0,100.0
38663,moon,0.0,7,0,0,2,99.99999999999999,0.0,0.0,2,FBN,0.0,0.0,0.0,0.0,100.0
38759,Online shopping,0.0,1,0,0,1,99.99999999999999,0.0,0.0,1,FBN,0.0,0.0,0.0,0.0,100.0
38936,DEYINVI,0.0,0,0,0,6,100.00000000000001,0.0,0.0,2,FBN,0.0,0.0,0.0,0.0,100.0
38974,Ezer,0.0,2,0,0,1,100.0,0.0,0.0,1,FBN,0.0,0.0,0.0,0.0,100.0
39103,TAGUII,0.0,0,0,0,4,100.0,0.0,0.0,1,FBN,0.0,0.0,0.0,0.0,100.0
473921,zhanxiaoying,0.0,4,0,0,1,100.0,0.0,0.0,1,FBN,0.0,0.0,0.0,0.0,100.0
79641,tata ,0.0,5,0,0,2,100.0,0.0,0.0,1,FBN,0.0,0.0,0.0,0.0,100.0
80000,Wooden Twist Home Furniture Trading Co LLC,0.0,15,0,0,4,99.99999999999999,0.0,0.0,2,DSE,0.0,0.0,0.0,0.0,100.0
81152,houlan,0.0,0,0,0,1,100.0,0.0,0.0,1,FBN,0.0,0.0,0.0,0.0,100.0
81427,BARA Foodstuff Trading,0.0,11,0,0,7,100.00000000000003,0.0,0.0,2,DSE,0.0,0.0,0.0,0.0,100.0
81556,Xiamenshiyaoyiyaodianzishangwuyouxiangongsi,0.0,1,0,0,2,99.99999999999997,0.0,0.0,1,FBN,0.0,0.0,0.0,0.0,100.0
82207,ChenWenLiang,0.0,2,0,0,1,100.0,0.0,0.0,1,FBN,0.0,0.0,0.0,0.0,100.0
82488,WANGYUAN,0.0,5,0,0,1,100.0,0.0,0.0,1,FBN,0.0,0.0,0.0,0.0,100.0
156387,Cubicomllc,0.0,0,0,0,1,100.0,0.0,0.0,1,FBN,0.0,0.0,0.0,0.0,100.0
83109,zixidianzishangwu,0.0,4,0,0,5,100.0,0.0,0.0,1,FBN,0.0,0.0,0.0,0.0,100.0
84154,WPH,0.0,9,0,0,2,100.0,0.0,0.0,1,FBN,0.0,0.0,0.0,0.0,100.0
84159,Suzhou Lizi Wangluokeji Youxiangongsi,0.0,56,0,0,1,100.00000000000001,0.0,0.0,1,DSE,0.0,0.0,0.0,0.0,100.0
1400,Arwani,0.0,1,0,0,1,99.99999999999997,0.0,0.0,1,DSE,0.0,0.0,0.0,0.0,100.0
85865,BRS Store,0.0,2,0,0,1,100.0,0.0,0.0,1,FBN,0.0,0.0,0.0,0.0,100.0
86192,Funpai AE,0.0,2,0,0,3,99.99999996249998,0.0,0.0,1,FBN,0.0,0.0,0.0,0.0,100.0
86278,Sweet,0.0,0,0,0,3,100.00000000000001,0.0,0.0,1,FBN,0.0,0.0,0.0,0.0,100.0
86503,feng,0.0,2,0,0,2,68.75000000000001,0.0,0.0,1,FBN,0.0,0.0,0.0,0.0,100.0
156159,Daydreamers,0.0,6,0,0,3,50.000000008333345,0.0,0.0,1,FBN,0.0,0.0,0.0,0.0,100.0
155891,foshanxingjudianzishangwuyouxiangongsi,0.0,1,0,0,2,100.00000000000001,0.0,0.0,1,FBN,0.0,0.0,0.0,0.0,100.0
237444,Agyle Middle East General Trading L.L.C,0.0,4,0,0,1,100.0,0.0,0.0,1,FBN,0.0,0.0,0.0,0.0,100.0
238513,S & S Online House ,0.0,11,0,0,1,100.0,0.0,0.0,1,FBN,0.0,0.0,0.0,0.0,100.0
238736,Wu Wei Shang Ya,0.0,0,0,0,2,100.0,0.0,0.0,1,FBN,0.0,0.0,0.0,0.0,100.0
239149,changshakuguodianzishangwuyouxiangongsi,0.0,0,0,0,1,100.0,0.0,0.0,1,FBN,0.0,0.0,0.0,0.0,100.0
155449,Shanghai Tianmuwei WangluoKeji YouxianGongsi,0.0,0,0,0,1,100.0,0.0,0.0,1,FBN,0.0,0.0,0.0,0.0,100.0
240187,shixinuae,0.0,12,0,0,5,100.0,0.0,0.0,1,FBN,0.0,0.0,0.0,0.0,100.0
84213,MEIYAN,0.0,5,0,0,11,99.9999999975,0.0,0.0,2,FBN,0.0,0.0,0.0,0.0,100.0
211095,AAS Ecommerce Trading LLC,0.0,1121,0,0,1,100.0,0.0,0.0,1,FBN,0.0,0.0,0.0,0.0,100.0
212116,Neoase (FZE),0.0,150,0,0,1,100.0,0.0,0.0,1,FBN,0.0,0.0,0.0,0.0,100.0
214940,foshanzhongyigoumaoyiyouxiangongsi,0.0,3,0,0,8,100.0,0.0,0.0,1,FBN,0.0,0.0,0.0,0.0,100.0
214992,Toys R Us MENA,0.0,0,0,0,1,100.0,0.0,0.0,1,DSE,0.0,0.0,0.0,0.0,100.0
215098,shangtianjuangudekeaishaonian,0.0,8,0,0,2,100.0,0.0,0.0,1,FBN,0.0,0.0,0.0,0.0,100.0
216050,Ayoubstore ,0.0,6,0,0,5,99.99999999999999,0.0,0.0,1,FBN,0.0,0.0,0.0,0.0,100.0
218480,prosuperfishing,0.0,12,0,0,2,100.0,0.0,0.0,1,FBN,0.0,0.0,0.0,0.0,100.0
219406,YYDY,0.0,5,0,0,1,100.0,0.0,0.0,1,FBN,0.0,0.0,0.0,0.0,100.0
105491,GOOLSKY STORE,0.0,1,0,0,1,99.99999999999999,0.0,0.0,1,FBN,0.0,0.0,0.0,0.0,100.0
220515,Amiroh general trading fz llc,0.0,4,0,0,1,100.0,0.0,0.0,1,FBN,0.0,0.0,0.0,0.0,100.0
105331,shenzhenshibiaozhidianzishangwuyouxiangongsi,0.0,1,0,0,1,99.99999999999999,0.0,0.0,1,FBN,0.0,0.0,0.0,0.0,100.0
105238,Al Miftah Al Thahabi Bldg Mat Tr.LLc-SP,0.0,0,0,0,1,100.0,0.0,0.0,1,DSE,0.0,0.0,0.0,0.0,100.0
79392,GOOLSKY STORE,0.0,1,0,0,1,87.5,0.0,0.0,1,FBN,0.0,0.0,0.0,0.0,100.0
104462,FENGYAO-AE,0.0,2,0,0,4,99.99999988125002,0.0,0.0,1,FBN,0.0,0.0,0.0,0.0,100.0
224389,RUYIN,0.0,0,0,0,1,100.0,0.0,0.0,1,FBN,0.0,0.0,0.0,0.0,100.0
227789,MAKS Solutions LLC,0.0,3,0,0,2,99.99999999999999,0.0,0.0,1,DSE,0.0,0.0,0.0,0.0,100.0
228042,shouqiang,0.0,0,0,0,1,100.0,0.0,0.0,1,FBN,0.0,0.0,0.0,0.0,100.0
103827,Stainless Equipment and Parts LLC,0.0,19,0,0,10,100.00000000000001,0.0,0.0,2,DSE,0.0,0.0,0.0,0.0,100.0
230936,MUDEKSA,0.0,9,0,0,4,99.99999999305554,0.0,0.0,1,FBN,0.0,0.0,0.0,0.0,100.0
231229,QiFun,0.0,8,0,0,3,99.99999999999997,0.0,0.0,1,FBN,0.0,0.0,0.0,0.0,100.0
231269,ruika,0.0,2,0,0,1,100.0,0.0,0.0,1,FBN,0.0,0.0,0.0,0.0,100.0
233322,molis,0.0,5,0,0,4,100.0,0.0,0.0,1,FBN,0.0,0.0,0.0,0.0,100.0
233862,Hang Zhou Xing Zhi Da Ke Ji You Xian Gong Si,0.0,8,0,0,2,100.0,0.0,0.0,1,FBN,0.0,0.0,0.0,0.0,100.0
234142,ALTHAKEEL GENERAL TRADING L.L.C,0.0,15,0,0,1,100.0,0.0,0.0,1,FBN,0.0,0.0,0.0,0.0,100.0
77837,Driveeye,0.0,3,0,0,1,100.00000000000001,0.0,0.0,1,FBN,0.0,0.0,0.0,0.0,100.0
223919,beijingyuexiwangluokejiyouxiangongsi,0.0,0,0,0,1,100.0,0.0,0.0,1,FBN,0.0,0.0,0.0,0.0,100.0
263578,SHANGHAIBEILUNGUOJIMAOYIYOUXIANGONGSI,0.0,314,0,0,1,100.00000000000001,0.0,0.0,1,FBN,0.0,0.0,0.0,0.0,100.0
263653,Sprinkle of Stardust,0.0,20,0,0,1,100.0,0.0,0.0,1,FBN,0.0,0.0,0.0,0.0,100.0
265227,guangzhououleitihuazhuangpinyouxiangongsi,0.0,2,0,0,1,100.0,0.0,0.0,1,FBN,0.0,0.0,0.0,0.0,100.0
265613,yiwushiliruijinchukouyouxiangongsi,0.0,2,0,0,1,100.0,0.0,0.0,1,FBN,0.0,0.0,0.0,0.0,100.0
265824,JamieGo,0.0,14,0,0,1,100.0,0.0,0.0,1,FBN,0.0,0.0,0.0,0.0,100.0
266177,NBB Global Traders LLC,0.0,0,0,0,1,87.5,0.0,0.0,1,FBN,0.0,0.0,0.0,0.0,100.0
152713,XZ GO,0.0,9,0,0,2,100.0,0.0,0.0,1,FBN,0.0,0.0,0.0,0.0,100.0
269293,Guangzhoumilingkejiyouxiangongsi,0.0,4,0,0,2,100.00000000000001,0.0,0.0,1,FBN,0.0,0.0,0.0,0.0,100.0
269587,HII Global Trading LLC,0.0,0,0,0,1,68.75,0.0,0.0,1,DSE,0.0,0.0,0.0,0.0,100.0
270996,Horoof Home,0.0,13,0,0,15,100.0,0.0,0.0,1,DSE,0.0,0.0,0.0,0.0,100.0
271004,baiweibaoxinxijishu(shenzhen)youxiangongsi,0.0,6,0,0,2,100.0,0.0,0.0,1,FBN,0.0,0.0,0.0,0.0,100.0
271071,paili,0.0,45,0,0,5,100.0,0.0,0.0,1,FBN,0.0,0.0,0.0,0.0,100.0
241427,Donna Rosa,0.0,2,0,0,2,99.99999999999999,0.0,0.0,1,FBN,0.0,0.0,0.0,0.0,100.0
272797,Dolphin Overseas General Trading,0.0,1,0,0,1,100.0,0.0,0.0,1,FBN,0.0,0.0,0.0,0.0,100.0
274097,YUETA,0.0,35,0,0,5,100.0,0.0,0.0,1,FBN,0.0,0.0,0.0,0.0,100.0
275457,foshanyaojingzhengnengkejiyouxiangongsi,0.0,6,0,0,1,99.99999999999999,0.0,0.0,1,FBN,0.0,0.0,0.0,0.0,100.0
276999,ZARCHINUAE,0.0,25,0,0,2,99.99999999999997,0.0,0.0,1,FBN,0.0,0.0,0.0,0.0,100.0
278086,Burj al saa trading LLC,0.0,0,0,0,1,100.0,0.0,0.0,1,FBN,0.0,0.0,0.0,0.0,100.0
278275,ShebSheb fashion,0.0,0,0,0,2,0.0,0.0,0.0,1,FBN,0.0,0.0,0.0,0.0,100.0
278295,PERFECT BUILDING MATERIALS TRD LLC,0.0,0,0,0,12,100.0,0.0,0.0,6,DSE,0.0,0.0,0.0,0.0,100.0
280060,shenzhenshisairuitedianzishangwuyouxiangongsi,0.0,0,0,0,1,100.0,0.0,0.0,1,FBN,0.0,0.0,0.0,0.0,100.0
282206,Tian Jin Huan Yi Da Jin Chu Kou Mao Yi You Xian Gong Si,0.0,2,0,0,1,100.0,0.0,0.0,1,FBN,0.0,0.0,0.0,0.0,100.0
282247,GM-Store,0.0,2,0,0,1,43.75,0.0,0.0,1,FBN,0.0,0.0,0.0,0.0,100.0
283635,haikoulonghuashangmaoyouxiangongsi,0.0,3,0,0,1,62.49999999999999,0.0,0.0,1,FBN,0.0,0.0,0.0,0.0,100.0
285405,Loca Cosy,0.0,1,0,0,1,99.99999999999999,0.0,0.0,1,FBN,0.0,0.0,0.0,0.0,100.0
272258,Meer Haider Trading ,0.0,3,0,0,1,100.00000000000001,0.0,0.0,1,FBN,0.0,0.0,0.0,0.0,100.0
155267,Maanys Trading FZE,0.0,36,0,0,2,100.00000000000001,0.0,0.0,1,FBN,0.0,0.0,0.0,0.0,100.0
241782,FunLand,0.0,25,0,0,6,99.99999999999999,0.0,0.0,1,FBN,0.0,0.0,0.0,0.0,100.0
154768,ZANTANG,0.0,2,0,0,2,99.99999999999999,0.0,0.0,1,FBN,0.0,0.0,0.0,0.0,100.0
245190,lalele,0.0,7,0,0,7,99.99999999642856,0.0,0.0,1,FBN,0.0,0.0,0.0,0.0,100.0
246112,zhongshanlingfengshangmaoyouxiangongsi,0.0,4,0,0,3,100.0,0.0,0.0,3,FBN,0.0,0.0,0.0,0.0,100.0
246133,guang zhou na a mu mao yi you xian gong si,0.0,3,0,0,2,100.0,0.0,0.0,1,FBN,0.0,0.0,0.0,0.0,100.0
246207,PERFECT PRODUCT,0.0,4,0,0,1,100.0,0.0,0.0,1,FBN,0.0,0.0,0.0,0.0,100.0
246352,YANER,0.0,0,0,0,2,100.0,0.0,0.0,2,FBN,0.0,0.0,0.0,0.0,100.0
248653,shenzhenshihuaruitonghuikejiyouxiangongsi,0.0,13,0,0,2,100.0,0.0,0.0,1,FBN,0.0,0.0,0.0,0.0,100.0
248888,Top Trends Trading,0.0,3,0,0,2,87.50000000416665,0.0,0.0,1,FBN,0.0,0.0,0.0,0.0,100.0
250463,cheng tai dian zi shang wu you xian gong si,0.0,2,0,0,3,100.00000000000001,0.0,0.0,1,FBN,0.0,0.0,0.0,0.0,100.0
252085,shanghaiheiweigoudianzishangwuyouxiangongsi,0.0,1,0,0,1,99.99999999999999,0.0,0.0,1,FBN,0.0,0.0,0.0,0.0,100.0
263377,ECO Plastic,0.0,0,0,0,1,0.0,0.0,0.0,1,FBN,0.0,0.0,0.0,0.0,100.0
154054,lbb,0.0,2,0,0,1,100.0,0.0,0.0,1,FBN,0.0,0.0,0.0,0.0,100.0
255244,YDZ-AE,0.0,34,0,0,2,100.00000000000001,0.0,0.0,1,FBN,0.0,0.0,0.0,0.0,100.0
256464,Fortune finder Trading LLC,0.0,0,0,0,1,100.0,0.0,0.0,1,FBN,0.0,0.0,0.0,0.0,100.0
256955,Nova Trading ,0.0,2,0,0,1,100.0,0.0,0.0,1,DSE,0.0,0.0,0.0,0.0,100.0
257578,Nan jing fu chen lan dian zi shang wu you xian gong si,0.0,6,0,0,1,99.99999999999999,0.0,0.0,1,FBN,0.0,0.0,0.0,0.0,100.0
258938,hangzhousihaobaihuoyouxiangongsi,0.0,2,0,0,1,100.0,0.0,0.0,1,FBN,0.0,0.0,0.0,0.0,100.0
259466,shenzhenshixiangxiangwenhuayouxia ngongsi,0.0,2,0,0,4,99.99999999999997,0.0,0.0,1,FBN,0.0,0.0,0.0,0.0,100.0
259540,Global Shopping,0.0,7,0,0,3,100.0,0.0,0.0,1,FBN,0.0,0.0,0.0,0.0,100.0
259639,Foshanshi Masana Maoyi Youxian Gongsi,0.0,13,0,0,5,100.00000000000001,0.0,0.0,1,FBN,0.0,0.0,0.0,0.0,100.0
262431,jinchenghushi,0.0,8,0,0,8,79.68750002792969,0.0,0.0,2,FBN,0.0,0.0,0.0,0.0,100.0
262958,H-Ling,0.0,10,0,0,1,99.99999999999999,0.0,0.0,1,FBN,0.0,0.0,0.0,0.0,100.0
263003,JingLing,0.0,9,0,0,7,99.99999999999997,0.0,0.0,1,FBN,0.0,0.0,0.0,0.0,100.0
252761,Jewel Oasis,0.0,1,0,0,2,99.99999992499998,0.0,0.0,1,FBN,0.0,0.0,0.0,0.0,100.0
169869,JUFU JUFU,0.0,75,0,0,1,100.0,0.0,0.0,1,FBN,0.0,0.0,0.0,0.0,100.0
170903,Feminino FZE,0.0,23,0,0,1,99.99999999999999,0.0,0.0,1,FBN,0.0,0.0,0.0,0.0,100.0
171585,luckyhome,0.0,3,0,0,1,100.00000000000001,0.0,0.0,1,FBN,0.0,0.0,0.0,0.0,100.0
172297,EQUATOR,0.0,2,0,0,4,99.99999999999999,0.0,0.0,2,DSE,0.0,0.0,0.0,0.0,100.0
109426,Innovmarket FZ-LLC,0.0,1,0,0,1,99.99999999999999,0.0,0.0,1,FBN,0.0,0.0,0.0,0.0,100.0
173312,haohongpinvip,0.0,1,0,0,2,100.0,0.0,0.0,1,FBN,0.0,0.0,0.0,0.0,100.0
174897,happy account,0.0,11,0,0,1,100.00000000000001,0.0,0.0,1,FBN,0.0,0.0,0.0,0.0,100.0
175239,yiwushixinyangsanyeyouxiangongsi,0.0,0,0,0,1,100.0,0.0,0.0,1,FBN,0.0,0.0,0.0,0.0,100.0
176872,Su Zhou Hai Ce Mao Yi You Xian Ze Ren Gongsi,0.0,3,0,0,1,100.00000000000001,0.0,0.0,1,FBN,0.0,0.0,0.0,0.0,100.0
176883,shenzhenshiguangmingqujuyishangmaohang,0.0,3,0,0,6,100.0,0.0,0.0,1,FBN,0.0,0.0,0.0,0.0,100.0
177015,xinxiangshiweibinquqiyushangmaoyouxiangongsi,0.0,0,0,0,1,100.0,0.0,0.0,1,FBN,0.0,0.0,0.0,0.0,100.0
177033,xinxiangshihongqiqujingdishangmaoyouxiangongsi,0.0,13,0,0,4,99.99999999999999,0.0,0.0,1,FBN,0.0,0.0,0.0,0.0,100.0
105597,minghan,0.0,8,0,0,2,100.0,0.0,0.0,2,Unmapped,0.0,0.0,0.0,0.0,100.0
177334,ZhiAng,0.0,0,0,0,1,100.0,0.0,0.0,1,FBN,0.0,0.0,0.0,0.0,100.0
178140,YHY-AE,0.0,34,0,0,1,100.00000000000001,0.0,0.0,1,FBN,0.0,0.0,0.0,0.0,100.0
178544,huizhoushizhenmaoyiyouxianzerengongsi,0.0,16,0,0,3,100.00000000000001,0.0,0.0,1,FBN,0.0,0.0,0.0,0.0,100.0
181822,kingwind,0.0,2,0,0,3,99.99999989999999,0.0,0.0,2,FBN,0.0,0.0,0.0,0.0,100.0
182328,Vibeon FZE,0.0,3,0,0,1,100.00000000000001,0.0,0.0,1,DSE,0.0,0.0,0.0,0.0,100.0
182897,TomNice,0.0,1,0,0,1,99.99999999999999,0.0,0.0,1,FBN,0.0,0.0,0.0,0.0,100.0
183619,shanghaiyinhemaoyiyouxiangongsi,0.0,3,0,0,2,100.0,0.0,0.0,1,FBN,0.0,0.0,0.0,0.0,100.0
184385,yiwushihaiwuyoumaoyiyouxiangongsi,0.0,2,0,0,4,100.0,0.0,0.0,1,FBN,0.0,0.0,0.0,0.0,100.0
186710,Machines and Muscles ,0.0,3,0,0,1,100.00000000000001,0.0,0.0,1,FBN,0.0,0.0,0.0,0.0,100.0
108291,WEIDE,0.0,0,0,0,1,75.0,0.0,0.0,1,FBN,0.0,0.0,0.0,0.0,100.0
190887,WolF Trading,0.0,16,0,0,2,100.00000000000001,0.0,0.0,1,FBN,0.0,0.0,0.0,0.0,100.0
192865,luxiaochuan,0.0,1,0,0,1,100.0,0.0,0.0,1,FBN,0.0,0.0,0.0,0.0,100.0
109341,MG Hotel Supplies,0.0,30,0,0,13,100.0,0.0,0.0,4,DSE,0.0,0.0,0.0,0.0,100.0
110346,MOFENG-AE,0.0,0,0,0,2,6.25,0.0,0.0,1,FBN,0.0,0.0,0.0,0.0,100.0
110915,MAIMEN HUWAI YONGPIN XIAMEN YOUXIAN GONGSI,0.0,1,0,0,1,81.24999999999999,0.0,0.0,1,FBN,0.0,0.0,0.0,0.0,100.0
157007,Dubai products,0.0,6,0,0,2,100.0,0.0,0.0,1,FBN,0.0,0.0,0.0,0.0,100.0
158331,Wahj AlAjyal,0.0,36,0,0,6,100.0,0.0,0.0,1,FBN,0.0,0.0,0.0,0.0,100.0
160771,Electronik,0.0,3,0,0,2,100.0,0.0,0.0,1,FBN,0.0,0.0,0.0,0.0,100.0
161038,Shenzhenshi Maodai Yishu JiajuYouxiangongsi,0.0,3,0,0,2,100.00000000000001,0.0,0.0,1,FBN,0.0,0.0,0.0,0.0,100.0
161180,Bits n Pieces,0.0,2,0,0,1,100.0,0.0,0.0,1,FBN,0.0,0.0,0.0,0.0,100.0
161345,skychain,0.0,0,0,0,1,100.0,0.0,0.0,1,FBN,0.0,0.0,0.0,0.0,100.0
161359,DZHT,0.0,2,0,0,1,100.0,0.0,0.0,1,FBN,0.0,0.0,0.0,0.0,100.0
161369,ydyd,0.0,5,0,0,1,100.0,0.0,0.0,1,FBN,0.0,0.0,0.0,0.0,100.0
161371,TDJZ,0.0,13,0,0,2,100.0,0.0,0.0,2,FBN,0.0,0.0,0.0,0.0,100.0
161500,Easy Commerce General Trading LLC,0.0,4,0,0,7,100.0,0.0,0.0,1,FBN,0.0,0.0,0.0,0.0,100.0
169430,Twelve Star LLC,0.0,9,0,0,20,100.0,0.0,0.0,3,DSE,0.0,0.0,0.0,0.0,100.0
162239,Puningshixiezhongmaoyiyouxiangongsi,0.0,2,0,0,2,99.99999999999999,0.0,0.0,1,FBN,0.0,0.0,0.0,0.0,100.0
163738,LUOFU,0.0,5,0,0,1,100.0,0.0,0.0,1,FBN,0.0,0.0,0.0,0.0,100.0
163966,shantoushilonghuqushengkaisenbaihuoshanghang(getigongshanghu),0.0,0,0,0,1,100.0,0.0,0.0,1,FBN,0.0,0.0,0.0,0.0,100.0
164525,Falconli,0.0,0,0,0,1,100.0,0.0,0.0,1,FBN,0.0,0.0,0.0,0.0,100.0
164549,LF-STORE,0.0,0,0,0,3,100.00000000000001,0.0,0.0,1,FBN,0.0,0.0,0.0,0.0,100.0
109856,Zhenchengxinxi,0.0,1,0,0,2,100.0,0.0,0.0,1,FBN,0.0,0.0,0.0,0.0,100.0
164741,ArCoon for E-Commerce and Trade L.L.C,0.0,3,0,0,1,100.00000000000001,0.0,0.0,1,FBN,0.0,0.0,0.0,0.0,100.0
165365,YOYA,0.0,0,0,0,1,100.0,0.0,0.0,1,FBN,0.0,0.0,0.0,0.0,100.0
165578,Aura Store,0.0,6,0,0,2,99.99999999999997,0.0,0.0,1,FBN,0.0,0.0,0.0,0.0,100.0
166508,1688,0.0,2,0,0,2,100.0,0.0,0.0,1,FBN,0.0,0.0,0.0,0.0,100.0
168326,VMK FOR PURCHASING THROUGH CATALOGUE SERVICES,0.0,1,0,0,1,99.99999999999999,0.0,0.0,1,FBN,0.0,0.0,0.0,0.0,100.0
168662,Jomo Store,0.0,9,0,0,1,99.99999999999999,0.0,0.0,1,FBN,0.0,0.0,0.0,0.0,100.0
161811,156514,0.0,5,0,0,2,100.0,0.0,0.0,1,FBN,0.0,0.0,0.0,0.0,100.0
93777,FOQUIEY AE,0.0,11,0,0,7,99.99999999999999,0.0,0.0,1,FBN,0.0,0.0,0.0,0.0,100.0
97447,GRABZ,0.0,14,0,0,3,91.96428571581635,0.0,0.0,1,FBN,0.0,0.0,0.0,0.0,100.0
99999,DAZchencc,0.0,0,0,0,1,100.0,0.0,0.0,1,FBN,0.0,0.0,0.0,0.0,100.0
100404,Tradxone LLC FZ,0.0,41,0,0,4,99.99999999999999,0.0,0.0,1,FBN,0.0,0.0,0.0,0.0,100.0
107088,Anfan,0.0,15,0,0,4,100.0,0.0,0.0,1,FBN,0.0,0.0,0.0,0.0,100.0
102079,RRME Gift Trading LLC,0.0,1,0,0,1,99.99999999999999,0.0,0.0,1,FBN,0.0,0.0,0.0,0.0,100.0
102619,Shenzhen Jinghui trading Co Ltd,0.0,16,0,0,5,97.65624999521485,0.0,0.0,1,FBN,0.0,0.0,0.0,0.0,100.0
103779,Adnext,0.0,3,0,0,2,100.0,0.0,0.0,1,FBN,0.0,0.0,0.0,0.0,100.0
18341,infashion-store16,0.0,0,0,0,1,100.0,0.0,0.0,1,FBN,0.0,0.0,0.0,0.0,100.0
18349,infashion-store38,0.0,2,0,0,1,100.0,0.0,0.0,1,FBN,0.0,0.0,0.0,0.0,100.0
18371,SuperFun,0.0,8,0,0,2,85.93750000058594,0.0,0.0,2,FBN,0.0,0.0,0.0,0.0,100.0
18639,Cosmetics Campaign,0.0,2,0,0,1,100.0,0.0,0.0,1,FBN,0.0,0.0,0.0,0.0,100.0
194141,Regetreant,0.0,0,0,0,1,100.0,0.0,0.0,1,FBN,0.0,0.0,0.0,0.0,100.0
197457,Media Roots LLC,0.0,0,0,0,2,81.25,0.0,0.0,1,FBN,0.0,0.0,0.0,0.0,100.0
197543,Direct Turk,0.0,3,0,0,1,100.00000000000001,0.0,0.0,1,FBN,0.0,0.0,0.0,0.0,100.0
198922,Wamm,0.0,14,0,0,3,88.39285714119899,0.0,0.0,1,FBN,0.0,0.0,0.0,0.0,100.0
106608,shopit electronics ,0.0,5,0,0,2,100.00000000000001,0.0,0.0,1,FBN,0.0,0.0,0.0,0.0,100.0
106188,yiwushichongyuekuajingdianzishangwuyouxiangongsi,0.0,9,0,0,3,99.99999999999999,0.0,0.0,1,FBN,0.0,0.0,0.0,0.0,100.0
202917,guangzhoubazhuayudianzishangwuyo uxiangongsi,0.0,13,0,0,1,100.00000000000001,0.0,0.0,1,FBN,0.0,0.0,0.0,0.0,100.0
204485,Homing,0.0,22,0,0,3,100.0,0.0,0.0,1,FBN,0.0,0.0,0.0,0.0,100.0
205528,Easy Life,0.0,79,0,0,1,100.0,0.0,0.0,1,FBN,0.0,0.0,0.0,0.0,100.0
105959,9995855082,0.0,3,0,0,1,100.00000000000001,0.0,0.0,1,FBN,0.0,0.0,0.0,0.0,100.0
207115,Power Star Oud Trading LLC,0.0,19,0,0,2,100.0,0.0,0.0,1,DSE,0.0,0.0,0.0,0.0,100.0
208285,Blue Sky Camping,0.0,2,0,0,2,100.00000000000003,0.0,0.0,1,FBN,0.0,0.0,0.0,0.0,100.0
208639,Maxillion L.L.C-FZ,0.0,2,0,0,1,100.0,0.0,0.0,1,FBN,0.0,0.0,0.0,0.0,100.0
197346,Shen Zhen Shi Xin Yue Ru Ke Ji You Xian Gong Si,0.0,0,0,0,1,100.0,0.0,0.0,1,FBN,0.0,0.0,0.0,0.0,100.0
196217,DRIZO FOR PURCHASING THROUGH CATALOGUE SERVICES,0.0,2,0,0,2,99.99999999999999,0.0,0.0,1,FBN,0.0,0.0,0.0,0.0,100.0
196407,Digixpressfz,0.0,1,0,0,2,62.5,0.0,0.0,1,DSE,0.0,0.0,0.0,0.0,100.0
16579,Priya Sathish - 2nd store,0.0,0,0,0,1,100.0,0.0,0.0,1,FBN,0.0,0.0,0.0,0.0,100.0
108260,hezimaoyixianyouxiangongsi,0.0,5,0,0,1,93.75,0.0,0.0,1,FBN,0.0,0.0,0.0,0.0,100.0
16775,kids care,0.0,0,0,0,1,100.0,0.0,0.0,1,FBN,0.0,0.0,0.0,0.0,100.0
16850,jj_boutique,0.0,7,0,0,6,99.99999999999999,0.0,0.0,2,FBN,0.0,0.0,0.0,0.0,100.0
16941,Jata Trading,0.0,24,0,0,3,97.1354166614149,0.0,0.0,1,FBN,0.0,0.0,0.0,0.0,100.0
17050,R K N Electronics,0.0,6,0,0,23,100.0,0.0,0.0,1,DSE,0.0,0.0,0.0,0.0,100.0
17071,abby toys,0.0,14,0,0,28,100.0,0.0,0.0,1,DSE,0.0,0.0,0.0,0.0,100.0
107323,Glitz By Al,0.0,28,0,0,7,99.99999999999999,0.0,0.0,1,FBN,0.0,0.0,0.0,0.0,100.0
17254,Kinetic,0.0,1,0,0,5,99.99999999999993,0.0,0.0,1,FBN,0.0,0.0,0.0,0.0,100.0
107185,guangzhousanhongyoudianzishangwuyouxiangongsi,0.0,4,0,0,1,100.0,0.0,0.0,1,FBN,0.0,0.0,0.0,0.0,100.0
92392,vivitech,0.0,12,0,0,1,100.00000000000001,0.0,0.0,1,FBN,0.0,0.0,0.0,0.0,100.0
18054,StartUP,0.0,7,0,0,6,99.99999999999999,0.0,0.0,4,DSE,0.0,0.0,0.0,0.0,100.0
18107,Gulf-Click,0.0,31,0,0,3,100.0,0.0,0.0,1,DSE,0.0,0.0,0.0,0.0,100.0
18210,SKY TOUCH,0.0,0,0,0,1,100.0,0.0,0.0,1,FBN,0.0,0.0,0.0,0.0,100.0
87087,Qonooz,0.0,0,0,0,1,100.0,0.0,0.0,1,DSE,0.0,0.0,0.0,0.0,100.0
87824,Click2Cart,0.0,2,0,0,1,100.0,0.0,0.0,1,DSE,0.0,0.0,0.0,0.0,100.0
88470,Rex Home & Kitchen,0.0,2,0,0,1,100.0,0.0,0.0,1,FBN,0.0,0.0,0.0,0.0,100.0
88489,SASKA TRADING,0.0,36,0,0,4,96.35416666362849,0.0,0.0,2,FBN,0.0,0.0,0.0,0.0,100.0
88989,Guangzhou Dongzu Technology Co Ltd,0.0,18,0,0,2,100.00000000000001,0.0,0.0,1,FBN,0.0,0.0,0.0,0.0,100.0
89035,ShopGlobal24x7,0.0,6,0,0,3,99.99999999999999,0.0,0.0,3,DSE,0.0,0.0,0.0,0.0,100.0
89211,Yuning,0.0,13,0,0,11,99.99999999999999,0.0,0.0,1,FBN,0.0,0.0,0.0,0.0,100.0
91395,N&N Store,0.0,5,0,0,27,100.0,0.0,0.0,1,DSE,0.0,0.0,0.0,0.0,100.0
92154,Hahaha,0.0,6,0,0,3,100.0,0.0,0.0,1,FBN,0.0,0.0,0.0,0.0,100.0
17336,HTEstore,0.0,0,0,0,1,100.0,0.0,0.0,1,DSE,0.0,0.0,0.0,0.0,100.0
22639,WATCHZONE STORE,0.0,4,0,0,3,100.0,0.0,0.0,2,FBN,0.0,0.0,0.0,0.0,100.0
22881,eShop,0.0,0,0,0,1,100.0,0.0,0.0,1,DSE,0.0,0.0,0.0,0.0,100.0
22990,GEEKAY,0.0,3,0,0,6,93.7500000083333,0.0,0.0,2,DSE,0.0,0.0,0.0,0.0,100.0
23236,Shop Gator,0.0,9,0,0,6,87.50000000277777,0.0,0.0,1,FBN,0.0,0.0,0.0,0.0,100.0
23426,Al Jaber,0.0,34,0,0,7,99.99999999999997,0.0,0.0,1,DSE,0.0,0.0,0.0,0.0,100.0
24643,Vibrant Global,0.0,1,0,0,1,100.0,0.0,0.0,1,FBN,0.0,0.0,0.0,0.0,100.0
25004,FUN ALBAWADI GENERAL TRADING,0.0,7,0,0,1,99.99999999999999,0.0,0.0,1,FBN,0.0,0.0,0.0,0.0,100.0
25049,Mumfactory,0.0,38,0,0,2,99.99999999999999,0.0,0.0,1,FBN,0.0,0.0,0.0,0.0,100.0
322757,OrangeLife,0.0,1,0,0,1,99.99999999999999,0.0,0.0,1,FBN,0.0,0.0,0.0,0.0,100.0
323047,yongkangaotukejiyouxiangongsi,0.0,0,0,0,1,100.0,0.0,0.0,1,FBN,0.0,0.0,0.0,0.0,100.0
323182,dixishenzhenjiajuyouxiangongsi,0.0,7,0,0,1,99.99999999999999,0.0,0.0,1,FBN,0.0,0.0,0.0,0.0,100.0
73334,RuiJiDa-SA,0.0,0,0,0,1,100.0,0.0,0.0,1,FBN,0.0,0.0,0.0,0.0,100.0
136309,Fashion Diamond,0.0,2,0,0,1,100.0,0.0,0.0,1,FBN,0.0,0.0,0.0,0.0,100.0
324973,taishanshihaorunwuyeguanliyouxiangongsi ,0.0,47,0,0,9,100.0,0.0,0.0,1,FBN,0.0,0.0,0.0,0.0,100.0
135448,HOME4U.LIVE,0.0,34,0,0,3,100.0,0.0,0.0,1,FBN,0.0,0.0,0.0,0.0,100.0
326373,KunZu,0.0,12,0,0,1,100.00000000000001,0.0,0.0,1,FBN,0.0,0.0,0.0,0.0,100.0
327010,HAWING,0.0,5,0,0,1,100.0,0.0,0.0,1,FBN,0.0,0.0,0.0,0.0,100.0
327253,qianhaiyinuo(shen zhen)menkongkejiyouxiangongsi,0.0,29,0,0,2,99.99999999999997,0.0,0.0,2,FBN,0.0,0.0,0.0,0.0,100.0
134890,Discovery Souq LLC,0.0,1,0,0,1,99.99999999999999,0.0,0.0,1,FBN,0.0,0.0,0.0,0.0,100.0
327931,YHKINGSHOP,0.0,3,0,0,1,18.75,0.0,0.0,1,FBN,0.0,0.0,0.0,0.0,100.0
327961,JAYATO ,0.0,3,0,0,1,100.00000000000001,0.0,0.0,1,FBN,0.0,0.0,0.0,0.0,100.0
328153,shenzhenanruidashangmaoyouxiangongsi,0.0,2,0,0,1,81.25,0.0,0.0,1,FBN,0.0,0.0,0.0,0.0,100.0
328264,Suci store,0.0,23,0,0,4,99.99999999999999,0.0,0.0,1,FBN,0.0,0.0,0.0,0.0,100.0
336710,Oguda,0.0,3,0,0,3,77.0833332875,0.0,0.0,2,FBN,0.0,0.0,0.0,0.0,100.0
323188,REDTOMMY FZE LLC,0.0,1,0,0,2,99.99999999999999,0.0,0.0,1,DSE,0.0,0.0,0.0,0.0,100.0
317788,geertop#123,0.0,12,0,0,1,100.00000000000001,0.0,0.0,1,FBN,0.0,0.0,0.0,0.0,100.0
144082,Toba,0.0,6,0,0,1,100.0,0.0,0.0,1,FBN,0.0,0.0,0.0,0.0,100.0
317972,Pineapple,0.0,11,0,0,3,98.86363636301652,0.0,0.0,1,FBN,0.0,0.0,0.0,0.0,100.0
318201,changshayuemingkejiyouxiangongsi,0.0,13,0,0,4,100.00000000000001,0.0,0.0,1,FBN,0.0,0.0,0.0,0.0,100.0
318256,changkun,0.0,1,0,0,3,100.0,0.0,0.0,1,FBN,0.0,0.0,0.0,0.0,100.0
318352,BeijingTuyikuajing Ecommerce Co LTD,0.0,8,0,0,6,99.99999999999999,0.0,0.0,1,FBN,0.0,0.0,0.0,0.0,100.0
318523,AL FAJR Enterprises FZC,0.0,1,0,0,1,99.99999999999999,0.0,0.0,1,FBN,0.0,0.0,0.0,0.0,100.0
144000,ONMODE GENERAL TRADING FZC,0.0,14,0,0,13,99.55357142531886,0.0,0.0,2,FBN,0.0,0.0,0.0,0.0,100.0
319231,guangzhouhezeqiyeguanlizixunyouxiangongsi,0.0,24,0,0,2,100.0,0.0,0.0,1,FBN,0.0,0.0,0.0,0.0,100.0
319503,BAIT AL HAKIMI BUILDINGS MATERIAL TRADING LLC,0.0,1,0,0,1,99.99999999999999,0.0,0.0,1,DSE,0.0,0.0,0.0,0.0,100.0
319710,Fadco,0.0,7,0,0,5,100.0,0.0,0.0,1,FBN,0.0,0.0,0.0,0.0,100.0
319721,jiangmenfuyingdianzishangwuyouxiangongsi,0.0,118,0,0,11,99.52330508450878,0.0,0.0,1,FBN,0.0,0.0,0.0,0.0,100.0
22457,mart,0.0,0,0,0,1,100.0,0.0,0.0,1,FBN,0.0,0.0,0.0,0.0,100.0
143430,EastEssence,0.0,4,0,0,3,100.00000000000001,0.0,0.0,1,FBN,0.0,0.0,0.0,0.0,100.0
322687,shenzhenshizhumengxingmaoyiyouxiangongsi,0.0,3,0,0,2,100.00000000000001,0.0,0.0,1,FBN,0.0,0.0,0.0,0.0,100.0
66953,BabiesBasic,0.0,0,0,0,1,100.0,0.0,0.0,1,DSE,0.0,0.0,0.0,0.0,100.0
67350,C&C HOME,0.0,3,0,0,4,100.0,0.0,0.0,1,DSE,0.0,0.0,0.0,0.0,100.0
138724,Amir Noon Business,0.0,1,0,0,8,99.99999999999997,0.0,0.0,1,DSE,0.0,0.0,0.0,0.0,100.0
67548,Shopping World,0.0,2,0,0,2,81.25,0.0,0.0,1,FBN,0.0,0.0,0.0,0.0,100.0
67601,GRC,0.0,5,0,0,2,87.49999999749998,0.0,0.0,1,FBN,0.0,0.0,0.0,0.0,100.0
68317,LCR Trading,0.0,18,0,0,8,100.00000000000003,0.0,0.0,1,FBN,0.0,0.0,0.0,0.0,100.0
137688,Fab Dec'r,0.0,28,0,0,10,99.99999999999999,0.0,0.0,1,DSE,0.0,0.0,0.0,0.0,100.0
136823,1,0.0,0,0,0,1,100.0,0.0,0.0,1,FBN,0.0,0.0,0.0,0.0,100.0
21817,bestdeal,0.0,0,0,0,1,100.0,0.0,0.0,1,FBN,0.0,0.0,0.0,0.0,100.0
22374,'Wellness Emporium,0.0,1,0,0,6,99.999999925,0.0,0.0,2,DSE,0.0,0.0,0.0,0.0,100.0
319804,xinxiangshiweibinquaodanteshangmaoyouxiangongsi,0.0,1,0,0,1,99.99999999999999,0.0,0.0,1,FBN,0.0,0.0,0.0,0.0,100.0
60882,Alfa Trading,0.0,0,0,0,1,100.0,0.0,0.0,1,DSE,0.0,0.0,0.0,0.0,100.0
60975,FlyOcean,0.0,10,0,0,1,99.99999999999999,0.0,0.0,1,FBN,0.0,0.0,0.0,0.0,100.0
61631,UAE baby care,0.0,13,0,0,8,100.0,0.0,0.0,3,DSE,0.0,0.0,0.0,0.0,100.0
115224,SHANGHAILIGUANGFUYUANKEJIYOUXIANGONGSI,0.0,2,0,0,3,99.99999999999999,0.0,0.0,1,FBN,0.0,0.0,0.0,0.0,100.0
62223,NO.9,0.0,1,0,0,1,99.99999999999999,0.0,0.0,1,FBN,0.0,0.0,0.0,0.0,100.0
62805,verykol,0.0,1,0,0,2,99.99999999999996,0.0,0.0,1,FBN,0.0,0.0,0.0,0.0,100.0
63031,Royal Trading,0.0,6,0,0,4,99.99999999999997,0.0,0.0,1,DSE,0.0,0.0,0.0,0.0,100.0
63355,Ym international,0.0,0,0,0,1,100.0,0.0,0.0,1,FBN,0.0,0.0,0.0,0.0,100.0
63522,MEHS,0.0,15,0,0,5,99.99999999999999,0.0,0.0,1,DSE,0.0,0.0,0.0,0.0,100.0
63638,Egardenkart FZE,0.0,6,0,0,2,100.0,0.0,0.0,1,DSE,0.0,0.0,0.0,0.0,100.0
63877,DANVINA TRADING FZE,0.0,10,0,0,1,100.0,0.0,0.0,1,FBN,0.0,0.0,0.0,0.0,100.0
64113,Faizo International FZE-LLC,0.0,4,0,0,2,100.0,0.0,0.0,1,FBN,0.0,0.0,0.0,0.0,100.0
336866,Vexa Pro LLC,0.0,13,0,0,3,100.00000000000003,0.0,0.0,2,FBN,0.0,0.0,0.0,0.0,100.0
64625,covermax,0.0,4,0,0,1,100.0,0.0,0.0,1,FBN,0.0,0.0,0.0,0.0,100.0
64812,JH BABY AND MOM,0.0,2,0,0,2,100.0,0.0,0.0,1,FBN,0.0,0.0,0.0,0.0,100.0
64901,Mepa Store,0.0,4,0,0,1,100.0,0.0,0.0,1,DSE,0.0,0.0,0.0,0.0,100.0
65106,Lumina Store,0.0,3,0,0,6,89.58333334374998,0.0,0.0,1,DSE,0.0,0.0,0.0,0.0,100.0
65153,Oquera,0.0,14,0,0,1,100.00000000000001,0.0,0.0,1,FBN,0.0,0.0,0.0,0.0,100.0
65267,KhaJul,0.0,2,0,0,1,100.0,0.0,0.0,1,FBN,0.0,0.0,0.0,0.0,100.0
66627,OYO-SELLER,0.0,3,0,0,3,100.00000000000001,0.0,0.0,1,DSE,0.0,0.0,0.0,0.0,100.0
364002,DAILY DEPOT LLC,0.0,21,0,0,1,99.99999999999999,0.0,0.0,1,FBN,0.0,0.0,0.0,0.0,100.0
364093,Al ibdaa house ware trading llc,0.0,7,0,0,17,99.99999999999999,0.0,0.0,1,DSE,0.0,0.0,0.0,0.0,100.0
367805,A N F TRADING L.L.C,0.0,25,0,0,3,100.0,0.0,0.0,1,FBN,0.0,0.0,0.0,0.0,100.0
368588,xinxiangshihongqiqujudangeshangmaoyouxianzerengongsi,0.0,3,0,0,1,100.00000000000001,0.0,0.0,1,FBN,0.0,0.0,0.0,0.0,100.0
369279,shenzhenshichuangshibitekejiyouxiangongsi,0.0,4,0,0,1,100.0,0.0,0.0,1,FBN,0.0,0.0,0.0,0.0,100.0
64503,DATANG,0.0,0,0,0,2,100.0,0.0,0.0,1,FBN,0.0,0.0,0.0,0.0,100.0
337396,beijingshuoguozhenxuankemaoyouxiangongsi,0.0,12,0,0,2,100.0,0.0,0.0,1,FBN,0.0,0.0,0.0,0.0,100.0
337764,shenzhenshijunlingmaoyiyouxiangongsi,0.0,5,0,0,2,100.00000000000001,0.0,0.0,1,FBN,0.0,0.0,0.0,0.0,100.0
337953,ATM NETWORK TRADING,0.0,4,0,0,4,87.5000000046875,0.0,0.0,2,DSE,0.0,0.0,0.0,0.0,100.0
339230,Blythornix,0.0,5,0,0,1,100.0,0.0,0.0,1,FBN,0.0,0.0,0.0,0.0,100.0
339279,shanghaiaianendianzishangwuyouxianzerengongsi,0.0,23,0,0,13,100.0,0.0,0.0,1,FBN,0.0,0.0,0.0,0.0,100.0
341195,Ahlan Ahlan Trading LLC,0.0,2,0,0,1,100.0,0.0,0.0,1,FBN,0.0,0.0,0.0,0.0,100.0
342778,Xianli,0.0,3,0,0,1,100.00000000000001,0.0,0.0,1,FBN,0.0,0.0,0.0,0.0,100.0
344882,SHOPPY DELIGHT ,0.0,2,0,0,5,100.0,0.0,0.0,1,FBN,0.0,0.0,0.0,0.0,100.0
345421,"Maomingshimengzekuajingdianzishangwu Co., Ltd.",0.0,10,0,0,2,99.99999999999999,0.0,0.0,1,FBN,0.0,0.0,0.0,0.0,100.0
345669,guangzhouzhayinadianzishangwuyouxiangongsi,0.0,62,0,0,3,100.00000000000001,0.0,0.0,1,FBN,0.0,0.0,0.0,0.0,100.0
346025,ningxiaboxudianzishangwuyouxiangongsi,0.0,0,0,0,1,100.0,0.0,0.0,1,FBN,0.0,0.0,0.0,0.0,100.0
346495,DK DECORATION MATERIALS FZCO,0.0,0,0,0,1,100.0,0.0,0.0,1,DSE,0.0,0.0,0.0,0.0,100.0
115273,FENGKAIRUI store,0.0,0,0,0,1,100.0,0.0,0.0,1,FBN,0.0,0.0,0.0,0.0,100.0
116755,GETUOWA store,0.0,3,0,0,2,99.99999998541666,0.0,0.0,1,FBN,0.0,0.0,0.0,0.0,100.0
353201,xinxiangshihongqiqulanwujimaoyiyouxiangongsi,0.0,0,0,0,2,100.0,0.0,0.0,1,FBN,0.0,0.0,0.0,0.0,100.0
356482,JYEAS,0.0,0,0,0,1,100.0,0.0,0.0,1,FBN,0.0,0.0,0.0,0.0,100.0
358417,lixiaguojimaoyishenzhenyouxiangongsi,0.0,0,0,0,1,100.0,0.0,0.0,1,FBN,0.0,0.0,0.0,0.0,100.0
116626,Mamlekat Al Jamal,0.0,1,0,0,2,99.99999999999999,0.0,0.0,1,DSE,0.0,0.0,0.0,0.0,100.0
362373,ALNAJAH ALAMEEQ GENERAL TRADING CO. L.L.C,0.0,2,0,0,2,99.99999999999999,0.0,0.0,1,FBN,0.0,0.0,0.0,0.0,100.0
60304,old_feller,0.0,0,0,0,1,100.0,0.0,0.0,1,FBN,0.0,0.0,0.0,0.0,100.0
60361,A-Z TECH,0.0,0,0,0,1,100.0,0.0,0.0,1,FBN,0.0,0.0,0.0,0.0,100.0
60481,MARK STORE,0.0,1,0,0,7,93.75000004374998,0.0,0.0,3,DSE,0.0,0.0,0.0,0.0,100.0
60548,K. Mir. Trading LLC,0.0,19,0,0,4,98.68421052614265,0.0,0.0,1,FBN,0.0,0.0,0.0,0.0,100.0
60598,FANCY MAX,0.0,4,0,0,5,59.37500004062499,0.0,0.0,1,FBN,0.0,0.0,0.0,0.0,100.0
60691,Honorshop,0.0,4,0,0,1,100.0,0.0,0.0,1,FBN,0.0,0.0,0.0,0.0,100.0
116993,ZaoTaiXin,0.0,19,0,0,9,100.00000000000001,0.0,0.0,1,FBN,0.0,0.0,0.0,0.0,100.0
148958,xianleshengshangmaoyouxianzerengongsi,0.0,0,0,0,1,100.0,0.0,0.0,1,FBN,0.0,0.0,0.0,0.0,100.0
296403,baishun888,0.0,0,0,0,1,100.0,0.0,0.0,1,FBN,0.0,0.0,0.0,0.0,100.0
148528,HDY_DG,0.0,0,0,0,1,100.0,0.0,0.0,1,FBN,0.0,0.0,0.0,0.0,100.0
296627,CHENGZISTORE,0.0,3,0,0,1,81.24999999999999,0.0,0.0,1,FBN,0.0,0.0,0.0,0.0,100.0
296646,Home Canvas,0.0,7,0,0,1,99.99999999999999,0.0,0.0,1,DSE,0.0,0.0,0.0,0.0,100.0
297391,Ez Routes FZ-LLC,0.0,7,0,0,1,99.99999999999999,0.0,0.0,1,FBN,0.0,0.0,0.0,0.0,100.0
297523,Iexigency Ecommerce FZE LLC,0.0,61,0,0,4,100.00000000000001,0.0,0.0,1,FBN,0.0,0.0,0.0,0.0,100.0
148464,RUI SHI BIAO YE,0.0,7,0,0,2,99.99999999999999,0.0,0.0,1,FBN,0.0,0.0,0.0,0.0,100.0
298953,Pandax ,0.0,13,0,0,2,100.0,0.0,0.0,1,FBN,0.0,0.0,0.0,0.0,100.0
299476,JZHDIRECT,0.0,6,0,0,1,99.99999999999999,0.0,0.0,1,FBN,0.0,0.0,0.0,0.0,100.0
303643,MARKED ONE,0.0,2,0,0,1,100.0,0.0,0.0,1,FBN,0.0,0.0,0.0,0.0,100.0
304541,tailingling,0.0,3,0,0,5,62.500000025,0.0,0.0,3,FBN,0.0,0.0,0.0,0.0,100.0
315453,Dmi,0.0,0,0,0,1,100.0,0.0,0.0,1,FBN,0.0,0.0,0.0,0.0,100.0
304637,foshanyihuishangmaoyouxiangongsi,0.0,8,0,0,6,100.0,0.0,0.0,1,FBN,0.0,0.0,0.0,0.0,100.0
148346,wenzhoujiapaikejiyouxiangongsi,0.0,3,0,0,2,100.0,0.0,0.0,1,FBN,0.0,0.0,0.0,0.0,100.0
305430,Shakesquare,0.0,18,0,0,6,100.00000000000003,0.0,0.0,1,FBN,0.0,0.0,0.0,0.0,100.0
305458,xinxiangshihongqiqugeluomimaoyiyouxiangongsi,0.0,1,0,0,2,99.99999999999997,0.0,0.0,1,FBN,0.0,0.0,0.0,0.0,100.0
305499,changzhoubendaoshangmaoyouxiangongsi,0.0,10,0,0,2,100.0,0.0,0.0,1,FBN,0.0,0.0,0.0,0.0,100.0
305551,whalesp,0.0,5,0,0,9,100.00000000000001,0.0,0.0,1,FBN,0.0,0.0,0.0,0.0,100.0
13012,MSBM GENERAL TRADING LLC,0.0,0,0,0,1,100.0,0.0,0.0,1,FBN,0.0,0.0,0.0,0.0,100.0
13378,Office-Furniture-Chairs-Safes-UAE,0.0,24,0,0,7,99.99999999999997,0.0,0.0,2,DSE,0.0,0.0,0.0,0.0,100.0
13730,AL HASANAT HARDWARE,0.0,11,0,0,7,100.00000000000001,0.0,0.0,1,DSE,0.0,0.0,0.0,0.0,100.0
13742,best-store,0.0,3,0,0,1,100.0,0.0,0.0,1,FBN,0.0,0.0,0.0,0.0,100.0
13803,FISSMAN,0.0,10,0,0,14,99.99999999999999,0.0,0.0,1,FBN,0.0,0.0,0.0,0.0,100.0
14141,HexTech Gaming,0.0,20,0,0,1,100.0,0.0,0.0,1,FBN,0.0,0.0,0.0,0.0,100.0
304595,XFX,0.0,0,0,0,1,100.0,0.0,0.0,1,FBN,0.0,0.0,0.0,0.0,100.0
151382,haikouxiuyinghaoyuanlaibaihuodian(getigongshanghu),0.0,0,0,0,1,100.0,0.0,0.0,1,FBN,0.0,0.0,0.0,0.0,100.0
150808,Yiwushiwupanmaoyishanghang,0.0,0,0,0,1,100.0,0.0,0.0,1,FBN,0.0,0.0,0.0,0.0,100.0
74203,geougou,0.0,0,0,0,2,100.0,0.0,0.0,1,FBN,0.0,0.0,0.0,0.0,100.0
150272,Niryati Global FZE-LLC,0.0,3,0,0,1,100.00000000000001,0.0,0.0,1,DSE,0.0,0.0,0.0,0.0,100.0
74616,Vaymey Goods Wholesalers L.L.C,0.0,10,0,0,1,100.0,0.0,0.0,1,FBN,0.0,0.0,0.0,0.0,100.0
74732,ANNNNT,0.0,12,0,0,3,100.0,0.0,0.0,1,FBN,0.0,0.0,0.0,0.0,100.0
74935,MEI,0.0,0,0,0,1,100.0,0.0,0.0,1,FBN,0.0,0.0,0.0,0.0,100.0
74974,ONY-UAE,0.0,66,0,0,4,100.00000000000001,0.0,0.0,2,FBN,0.0,0.0,0.0,0.0,100.0
75076,The Trendz Factory,0.0,9,0,0,2,99.99999999999999,0.0,0.0,1,FBN,0.0,0.0,0.0,0.0,100.0
75184,Lucky Ocean,0.0,8,0,0,3,93.74999999843749,0.0,0.0,1,FBN,0.0,0.0,0.0,0.0,100.0
75195,FAIR DEALS,0.0,0,0,0,1,100.0,0.0,0.0,1,FBN,0.0,0.0,0.0,0.0,100.0
75338,Keaokao,0.0,3,0,0,6,100.0,0.0,0.0,1,FBN,0.0,0.0,0.0,0.0,100.0
295862,Abby yang,0.0,2,0,0,1,100.0,0.0,0.0,1,FBN,0.0,0.0,0.0,0.0,100.0
75775,CuteQ shop,0.0,3,0,0,1,100.00000000000001,0.0,0.0,1,FBN,0.0,0.0,0.0,0.0,100.0
76187,Darenshop,0.0,0,0,0,1,100.0,0.0,0.0,1,FBN,0.0,0.0,0.0,0.0,100.0
76879,FuJiaZha-SA,0.0,0,0,0,1,100.0,0.0,0.0,1,FBN,0.0,0.0,0.0,0.0,100.0
149026,vittoriolin,0.0,1,0,0,1,100.0,0.0,0.0,1,FBN,0.0,0.0,0.0,0.0,100.0
76922,Creamville,0.0,1,0,0,1,99.99999999999999,0.0,0.0,1,FBN,0.0,0.0,0.0,0.0,100.0
77812,hjx-ae,0.0,12,0,0,1,100.0,0.0,0.0,1,FBN,0.0,0.0,0.0,0.0,100.0
287066,Sicheng,0.0,1,0,0,2,99.99999999999997,0.0,0.0,1,FBN,0.0,0.0,0.0,0.0,100.0
287626,AL NOJOOM AL SABAH FOAM INDUSTRY LLC,0.0,36,0,0,21,96.87500000026043,0.0,0.0,2,DSE,0.0,0.0,0.0,0.0,100.0
291478,DrSleeep Trading Co LLC,0.0,9,0,0,3,100.0,0.0,0.0,1,FBN,0.0,0.0,0.0,0.0,100.0
295152,Shop_cas,0.0,0,0,0,1,100.0,0.0,0.0,1,FBN,0.0,0.0,0.0,0.0,100.0
295298,13221132018@163.com,0.0,0,0,0,1,100.0,0.0,0.0,1,FBN,0.0,0.0,0.0,0.0,100.0
295552,noon store,0.0,0,0,0,1,100.0,0.0,0.0,1,FBN,0.0,0.0,0.0,0.0,100.0
75739,WTKUOUC-USA,0.0,10,0,0,8,100.0,0.0,0.0,2,FBN,0.0,0.0,0.0,0.0,100.0
72815,Classic Items,0.0,7,0,0,6,99.99999999999999,0.0,0.0,2,DSE,0.0,0.0,0.0,0.0,100.0
72864,TOAM,0.0,7,0,0,5,100.0,0.0,0.0,1,FBN,0.0,0.0,0.0,0.0,100.0
72923,Eastfortune store,0.0,1,0,0,1,100.0,0.0,0.0,1,FBN,0.0,0.0,0.0,0.0,100.0
15869,BarPros,0.0,17,0,0,8,100.00000000000001,0.0,0.0,3,DSE,0.0,0.0,0.0,0.0,100.0
16205,Inshop-life,0.0,0,0,0,1,100.0,0.0,0.0,1,FBN,0.0,0.0,0.0,0.0,100.0
145654,Shenzhen Kangcheng shiyeyouxiangongsi,0.0,3,0,0,3,100.00000000000001,0.0,0.0,1,FBN,0.0,0.0,0.0,0.0,100.0
307196,lihongwei,0.0,4,0,0,1,100.0,0.0,0.0,1,FBN,0.0,0.0,0.0,0.0,100.0
307223,guangzhourisenshangmaoyouxianzerengongsi,0.0,1,0,0,1,100.0,0.0,0.0,1,FBN,0.0,0.0,0.0,0.0,100.0
308270,Luz de Cristo,0.0,2,0,0,3,93.749999984375,0.0,0.0,1,FBN,0.0,0.0,0.0,0.0,100.0
308597,suzhoulakewangluokejiyouxiangongsi,0.0,10,0,0,1,99.99999999999999,0.0,0.0,1,FBN,0.0,0.0,0.0,0.0,100.0
309421,zhoongdi,0.0,3,0,0,6,99.99999999999999,0.0,0.0,1,FBN,0.0,0.0,0.0,0.0,100.0
309960,MILANO,0.0,5,0,0,2,100.0,0.0,0.0,1,FBN,0.0,0.0,0.0,0.0,100.0
14207,Max Strength,0.0,12,0,0,7,100.00000000000006,0.0,0.0,1,DSE,0.0,0.0,0.0,0.0,100.0
311060,xinxiangshimuyequaijingdianzishangwugongzuoshi,0.0,7,0,0,5,100.0,0.0,0.0,1,FBN,0.0,0.0,0.0,0.0,100.0
311908,shenzhenshizhonganyunjiangxinxikejiyouxiangongsi,0.0,10,0,0,1,99.99999999999999,0.0,0.0,1,FBN,0.0,0.0,0.0,0.0,100.0
313087,BeijingHongrukuajing Ecommerce Co Ltd,0.0,10,0,0,5,98.74999999849999,0.0,0.0,1,FBN,0.0,0.0,0.0,0.0,100.0
313234,victory trade hub,0.0,3,0,0,2,100.0,0.0,0.0,1,FBN,0.0,0.0,0.0,0.0,100.0
313475,shenzhenshibisitezhinengkechuangyo uxiangongsi,0.0,0,0,0,1,100.0,0.0,0.0,1,FBN,0.0,0.0,0.0,0.0,100.0
145371,KUAIJI HOME,0.0,6,0,0,1,25.0,0.0,0.0,1,FBN,0.0,0.0,0.0,0.0,100.0
313887,Umi,0.0,8,0,0,3,100.0,0.0,0.0,1,FBN,0.0,0.0,0.0,0.0,100.0
313958,unique finds,0.0,0,0,0,2,100.0,0.0,0.0,1,FBN,0.0,0.0,0.0,0.0,100.0
314176,yixi,0.0,0,0,0,2,100.0,0.0,0.0,1,FBN,0.0,0.0,0.0,0.0,100.0
314556,F-LINK,0.0,1,0,0,1,99.99999999999999,0.0,0.0,1,FBN,0.0,0.0,0.0,0.0,100.0
314590,wff,0.0,0,0,0,2,100.0,0.0,0.0,1,FBN,0.0,0.0,0.0,0.0,100.0
315405,xinstone,0.0,24,0,0,8,98.9583333318576,0.0,0.0,2,FBN,0.0,0.0,0.0,0.0,100.0
310298,hangzhouqiguangjikejiyouxiangongsi,0.0,2,0,0,1,100.0,0.0,0.0,1,FBN,0.0,0.0,0.0,0.0,100.0
14651,Shopping Time,0.0,0,0,0,1,100.0,0.0,0.0,1,FBN,0.0,0.0,0.0,0.0,100.0
14694,COOLBABY STAR,0.0,3,0,0,2,93.75000000416668,0.0,0.0,1,FBN,0.0,0.0,0.0,0.0,100.0
14806,world solution technology,0.0,4,0,0,3,99.99999998125001,0.0,0.0,1,FBN,0.0,0.0,0.0,0.0,100.0
14981,FRIEET,0.0,0,0,0,1,100.0,0.0,0.0,1,FBN,0.0,0.0,0.0,0.0,100.0
15065,gigiangel-pro,0.0,5,0,0,1,100.0,0.0,0.0,1,FBN,0.0,0.0,0.0,0.0,100.0
15187,ONE TREE,0.0,0,0,0,1,100.0,0.0,0.0,1,FBN,0.0,0.0,0.0,0.0,100.0
15290,Ireshh Enterprises llc,0.0,21,0,0,1,99.99999999999999,0.0,0.0,1,FBN,0.0,0.0,0.0,0.0,100.0
15386,Cavo Group,0.0,7,0,0,7,99.99999998482141,0.0,0.0,3,DSE,0.0,0.0,0.0,0.0,100.0
15605,atoz1214,0.0,40,0,0,10,100.00000000000001,0.0,0.0,2,DSE,0.0,0.0,0.0,0.0,100.0
15689,SWG,0.0,0,0,0,2,100.0,0.0,0.0,2,FBN,0.0,0.0,0.0,0.0,100.0
15818,COLORLAND TOYS STORE,0.0,2,0,0,3,99.99999999999999,0.0,0.0,3,DSE,0.0,0.0,0.0,0.0,100.0
25856,INNOVATE MEDICAL SYSTEM LLC,0.0,0,0,0,5,100.00000000000001,0.0,0.0,1,DSE,0.0,0.0,0.0,0.0,100.0
72770,Zetta Goods Arabia,0.0,1,0,0,2,100.0,0.0,0.0,1,FBN,0.0,0.0,0.0,0.0,100.0
25871,Hapais,0.0,0,0,0,1,100.0,0.0,0.0,1,FBN,0.0,0.0,0.0,0.0,100.0
25886,milemelo,0.0,0,0,0,1,100.0,0.0,0.0,1,FBN,0.0,0.0,0.0,0.0,100.0
26152,Neocare,0.0,0,0,0,1,43.75,0.0,0.0,1,FBN,0.0,0.0,0.0,0.0,100.0
70760,JACKAROO JOKER ELECTRONIC TRADING,0.0,3,0,0,1,100.00000000000001,0.0,0.0,1,DSE,0.0,0.0,0.0,0.0,100.0
146483,yiwushilainuodianzishangwuyouxiangongsi,0.0,3,0,0,1,100.00000000000001,0.0,0.0,1,FBN,0.0,0.0,0.0,0.0,100.0
145656,jieyangshiwowofadianzishangwuyouxiangongsi,0.0,0,0,0,1,100.0,0.0,0.0,1,FBN,0.0,0.0,0.0,0.0,100.0
71655,Gbaby,0.0,38,0,0,18,99.99999999802631,0.0,0.0,4,FBN,0.0,0.0,0.0,0.0,100.0
71950,GOLDEN HOUSEWARE,0.0,5,0,0,5,100.0,0.0,0.0,1,FBN,0.0,0.0,0.0,0.0,100.0
72025,Surfness store,0.0,5,0,0,1,100.0,0.0,0.0,1,FBN,0.0,0.0,0.0,0.0,100.0
72292,Bil Baiti,0.0,1,0,0,4,99.99999999999999,0.0,0.0,1,FBN,0.0,0.0,0.0,0.0,100.0
72541,PU ZHU,0.0,2,0,0,1,100.0,0.0,0.0,1,FBN,0.0,0.0,0.0,0.0,100.0
72629,REDROCK,0.0,0,0,0,1,100.0,0.0,0.0,1,FBN,0.0,0.0,0.0,0.0,100.0
25864,E-tijara,0.0,0,0,0,3,100.0,0.0,0.0,3,FBN,0.0,0.0,0.0,0.0,100.0
